// Created by http://oleddisplay.squix.ch/ Consider a donation
// In case of problems make sure that you are using the font file with the correct version!
const uint8_t  Cousine_Regular_10[] PROGMEM = {
	0x06, // Width: 6
	0x0C, // Height: 12
	0x20, // First Char: 32
	0xE0, // Numbers of Chars: 224

	// Jump Table:
	0xFF, 0xFF, 0x00, 0x06,  // 32:65535
	0x00, 0x00, 0x08, 0x06,  // 33:0
	0x00, 0x08, 0x09, 0x06,  // 34:8
	0x00, 0x11, 0x0B, 0x06,  // 35:17
	0x00, 0x1C, 0x0B, 0x06,  // 36:28
	0x00, 0x27, 0x0C, 0x06,  // 37:39
	0x00, 0x33, 0x0C, 0x06,  // 38:51
	0x00, 0x3F, 0x07, 0x06,  // 39:63
	0x00, 0x46, 0x08, 0x06,  // 40:70
	0x00, 0x4E, 0x08, 0x06,  // 41:78
	0x00, 0x56, 0x09, 0x06,  // 42:86
	0x00, 0x5F, 0x09, 0x06,  // 43:95
	0x00, 0x68, 0x06, 0x06,  // 44:104
	0x00, 0x6E, 0x07, 0x06,  // 45:110
	0x00, 0x75, 0x08, 0x06,  // 46:117
	0x00, 0x7D, 0x09, 0x06,  // 47:125
	0x00, 0x86, 0x09, 0x06,  // 48:134
	0x00, 0x8F, 0x0C, 0x06,  // 49:143
	0x00, 0x9B, 0x0A, 0x06,  // 50:155
	0x00, 0xA5, 0x0A, 0x06,  // 51:165
	0x00, 0xAF, 0x0B, 0x06,  // 52:175
	0x00, 0xBA, 0x09, 0x06,  // 53:186
	0x00, 0xC3, 0x0A, 0x06,  // 54:195
	0x00, 0xCD, 0x09, 0x06,  // 55:205
	0x00, 0xD6, 0x0A, 0x06,  // 56:214
	0x00, 0xE0, 0x09, 0x06,  // 57:224
	0x00, 0xE9, 0x08, 0x06,  // 58:233
	0x00, 0xF1, 0x08, 0x06,  // 59:241
	0x00, 0xF9, 0x09, 0x06,  // 60:249
	0x01, 0x02, 0x09, 0x06,  // 61:258
	0x01, 0x0B, 0x09, 0x06,  // 62:267
	0x01, 0x14, 0x09, 0x06,  // 63:276
	0x01, 0x1D, 0x0B, 0x06,  // 64:285
	0x01, 0x28, 0x0C, 0x06,  // 65:296
	0x01, 0x34, 0x0B, 0x06,  // 66:308
	0x01, 0x3F, 0x0A, 0x06,  // 67:319
	0x01, 0x49, 0x0B, 0x06,  // 68:329
	0x01, 0x54, 0x0A, 0x06,  // 69:340
	0x01, 0x5E, 0x09, 0x06,  // 70:350
	0x01, 0x67, 0x0A, 0x06,  // 71:359
	0x01, 0x71, 0x0A, 0x06,  // 72:369
	0x01, 0x7B, 0x0A, 0x06,  // 73:379
	0x01, 0x85, 0x09, 0x06,  // 74:389
	0x01, 0x8E, 0x0C, 0x06,  // 75:398
	0x01, 0x9A, 0x0A, 0x06,  // 76:410
	0x01, 0xA4, 0x0A, 0x06,  // 77:420
	0x01, 0xAE, 0x0A, 0x06,  // 78:430
	0x01, 0xB8, 0x0B, 0x06,  // 79:440
	0x01, 0xC3, 0x09, 0x06,  // 80:451
	0x01, 0xCC, 0x0C, 0x06,  // 81:460
	0x01, 0xD8, 0x0A, 0x06,  // 82:472
	0x01, 0xE2, 0x0A, 0x06,  // 83:482
	0x01, 0xEC, 0x0B, 0x06,  // 84:492
	0x01, 0xF7, 0x0A, 0x06,  // 85:503
	0x02, 0x01, 0x0B, 0x06,  // 86:513
	0x02, 0x0C, 0x0B, 0x06,  // 87:524
	0x02, 0x17, 0x0C, 0x06,  // 88:535
	0x02, 0x23, 0x0B, 0x06,  // 89:547
	0x02, 0x2E, 0x0C, 0x06,  // 90:558
	0x02, 0x3A, 0x0A, 0x06,  // 91:570
	0x02, 0x44, 0x0A, 0x06,  // 92:580
	0x02, 0x4E, 0x08, 0x06,  // 93:590
	0x02, 0x56, 0x09, 0x06,  // 94:598
	0x02, 0x5F, 0x0C, 0x06,  // 95:607
	0x02, 0x6B, 0x07, 0x06,  // 96:619
	0x02, 0x72, 0x0C, 0x06,  // 97:626
	0x02, 0x7E, 0x0A, 0x06,  // 98:638
	0x02, 0x88, 0x0A, 0x06,  // 99:648
	0x02, 0x92, 0x0A, 0x06,  // 100:658
	0x02, 0x9C, 0x0A, 0x06,  // 101:668
	0x02, 0xA6, 0x09, 0x06,  // 102:678
	0x02, 0xAF, 0x0A, 0x06,  // 103:687
	0x02, 0xB9, 0x0A, 0x06,  // 104:697
	0x02, 0xC3, 0x0C, 0x06,  // 105:707
	0x02, 0xCF, 0x08, 0x06,  // 106:719
	0x02, 0xD7, 0x0A, 0x06,  // 107:727
	0x02, 0xE1, 0x0A, 0x06,  // 108:737
	0x02, 0xEB, 0x0A, 0x06,  // 109:747
	0x02, 0xF5, 0x0A, 0x06,  // 110:757
	0x02, 0xFF, 0x0A, 0x06,  // 111:767
	0x03, 0x09, 0x0A, 0x06,  // 112:777
	0x03, 0x13, 0x0A, 0x06,  // 113:787
	0x03, 0x1D, 0x09, 0x06,  // 114:797
	0x03, 0x26, 0x0A, 0x06,  // 115:806
	0x03, 0x30, 0x0A, 0x06,  // 116:816
	0x03, 0x3A, 0x0A, 0x06,  // 117:826
	0x03, 0x44, 0x09, 0x06,  // 118:836
	0x03, 0x4D, 0x0B, 0x06,  // 119:845
	0x03, 0x58, 0x0A, 0x06,  // 120:856
	0x03, 0x62, 0x09, 0x06,  // 121:866
	0x03, 0x6B, 0x0A, 0x06,  // 122:875
	0x03, 0x75, 0x0A, 0x06,  // 123:885
	0x03, 0x7F, 0x08, 0x06,  // 124:895
	0x03, 0x87, 0x09, 0x06,  // 125:903
	0x03, 0x90, 0x09, 0x06,  // 126:912
	0x03, 0x99, 0x08, 0x06,  // 127:921
	0x03, 0xA1, 0x08, 0x06,  // 128:929
	0x03, 0xA9, 0x08, 0x06,  // 129:937
	0x03, 0xB1, 0x08, 0x06,  // 130:945
	0x03, 0xB9, 0x08, 0x06,  // 131:953
	0x03, 0xC1, 0x08, 0x06,  // 132:961
	0x03, 0xC9, 0x08, 0x06,  // 133:969
	0x03, 0xD1, 0x08, 0x06,  // 134:977
	0x03, 0xD9, 0x08, 0x06,  // 135:985
	0x03, 0xE1, 0x08, 0x06,  // 136:993
	0x03, 0xE9, 0x08, 0x06,  // 137:1001
	0x03, 0xF1, 0x08, 0x06,  // 138:1009
	0x03, 0xF9, 0x08, 0x06,  // 139:1017
	0x04, 0x01, 0x08, 0x06,  // 140:1025
	0x04, 0x09, 0x08, 0x06,  // 141:1033
	0x04, 0x11, 0x08, 0x06,  // 142:1041
	0x04, 0x19, 0x08, 0x06,  // 143:1049
	0x04, 0x21, 0x08, 0x06,  // 144:1057
	0x04, 0x29, 0x08, 0x06,  // 145:1065
	0x04, 0x31, 0x08, 0x06,  // 146:1073
	0x04, 0x39, 0x08, 0x06,  // 147:1081
	0x04, 0x41, 0x08, 0x06,  // 148:1089
	0x04, 0x49, 0x08, 0x06,  // 149:1097
	0x04, 0x51, 0x08, 0x06,  // 150:1105
	0x04, 0x59, 0x08, 0x06,  // 151:1113
	0x04, 0x61, 0x08, 0x06,  // 152:1121
	0x04, 0x69, 0x08, 0x06,  // 153:1129
	0x04, 0x71, 0x08, 0x06,  // 154:1137
	0x04, 0x79, 0x08, 0x06,  // 155:1145
	0x04, 0x81, 0x08, 0x06,  // 156:1153
	0x04, 0x89, 0x08, 0x06,  // 157:1161
	0x04, 0x91, 0x08, 0x06,  // 158:1169
	0x04, 0x99, 0x08, 0x06,  // 159:1177
	0xFF, 0xFF, 0x00, 0x06,  // 160:65535
	0x04, 0xA1, 0x08, 0x06,  // 161:1185
	0x04, 0xA9, 0x09, 0x06,  // 162:1193
	0x04, 0xB2, 0x0C, 0x06,  // 163:1202
	0x04, 0xBE, 0x09, 0x06,  // 164:1214
	0x04, 0xC7, 0x09, 0x06,  // 165:1223
	0x04, 0xD0, 0x08, 0x06,  // 166:1232
	0x04, 0xD8, 0x0A, 0x06,  // 167:1240
	0x04, 0xE2, 0x07, 0x06,  // 168:1250
	0x04, 0xE9, 0x0B, 0x06,  // 169:1257
	0x04, 0xF4, 0x09, 0x06,  // 170:1268
	0x04, 0xFD, 0x09, 0x06,  // 171:1277
	0x05, 0x06, 0x09, 0x06,  // 172:1286
	0x05, 0x0F, 0x07, 0x06,  // 173:1295
	0x05, 0x16, 0x0B, 0x06,  // 174:1302
	0x05, 0x21, 0x0B, 0x06,  // 175:1313
	0x05, 0x2C, 0x07, 0x06,  // 176:1324
	0x05, 0x33, 0x0A, 0x06,  // 177:1331
	0x05, 0x3D, 0x07, 0x06,  // 178:1341
	0x05, 0x44, 0x09, 0x06,  // 179:1348
	0x05, 0x4D, 0x07, 0x06,  // 180:1357
	0x05, 0x54, 0x0A, 0x06,  // 181:1364
	0x05, 0x5E, 0x0A, 0x06,  // 182:1374
	0x05, 0x68, 0x07, 0x06,  // 183:1384
	0x05, 0x6F, 0x04, 0x06,  // 184:1391
	0x05, 0x73, 0x09, 0x06,  // 185:1395
	0x05, 0x7C, 0x09, 0x06,  // 186:1404
	0x05, 0x85, 0x09, 0x06,  // 187:1413
	0x05, 0x8E, 0x0C, 0x06,  // 188:1422
	0x05, 0x9A, 0x0C, 0x06,  // 189:1434
	0x05, 0xA6, 0x0C, 0x06,  // 190:1446
	0x05, 0xB2, 0x0A, 0x06,  // 191:1458
	0x05, 0xBC, 0x0C, 0x06,  // 192:1468
	0x05, 0xC8, 0x0C, 0x06,  // 193:1480
	0x05, 0xD4, 0x0C, 0x06,  // 194:1492
	0x05, 0xE0, 0x0C, 0x06,  // 195:1504
	0x05, 0xEC, 0x0C, 0x06,  // 196:1516
	0x05, 0xF8, 0x0C, 0x06,  // 197:1528
	0x06, 0x04, 0x0C, 0x06,  // 198:1540
	0x06, 0x10, 0x0A, 0x06,  // 199:1552
	0x06, 0x1A, 0x0A, 0x06,  // 200:1562
	0x06, 0x24, 0x0A, 0x06,  // 201:1572
	0x06, 0x2E, 0x0A, 0x06,  // 202:1582
	0x06, 0x38, 0x0A, 0x06,  // 203:1592
	0x06, 0x42, 0x0A, 0x06,  // 204:1602
	0x06, 0x4C, 0x0A, 0x06,  // 205:1612
	0x06, 0x56, 0x0A, 0x06,  // 206:1622
	0x06, 0x60, 0x0A, 0x06,  // 207:1632
	0x06, 0x6A, 0x0B, 0x06,  // 208:1642
	0x06, 0x75, 0x0A, 0x06,  // 209:1653
	0x06, 0x7F, 0x0B, 0x06,  // 210:1663
	0x06, 0x8A, 0x0B, 0x06,  // 211:1674
	0x06, 0x95, 0x0B, 0x06,  // 212:1685
	0x06, 0xA0, 0x0B, 0x06,  // 213:1696
	0x06, 0xAB, 0x0B, 0x06,  // 214:1707
	0x06, 0xB6, 0x09, 0x06,  // 215:1718
	0x06, 0xBF, 0x0B, 0x06,  // 216:1727
	0x06, 0xCA, 0x0A, 0x06,  // 217:1738
	0x06, 0xD4, 0x0A, 0x06,  // 218:1748
	0x06, 0xDE, 0x0A, 0x06,  // 219:1758
	0x06, 0xE8, 0x0A, 0x06,  // 220:1768
	0x06, 0xF2, 0x0B, 0x06,  // 221:1778
	0x06, 0xFD, 0x09, 0x06,  // 222:1789
	0x07, 0x06, 0x0B, 0x06,  // 223:1798
	0x07, 0x11, 0x0C, 0x06,  // 224:1809
	0x07, 0x1D, 0x0C, 0x06,  // 225:1821
	0x07, 0x29, 0x0C, 0x06,  // 226:1833
	0x07, 0x35, 0x0C, 0x06,  // 227:1845
	0x07, 0x41, 0x0C, 0x06,  // 228:1857
	0x07, 0x4D, 0x0C, 0x06,  // 229:1869
	0x07, 0x59, 0x0C, 0x06,  // 230:1881
	0x07, 0x65, 0x0A, 0x06,  // 231:1893
	0x07, 0x6F, 0x0A, 0x06,  // 232:1903
	0x07, 0x79, 0x0A, 0x06,  // 233:1913
	0x07, 0x83, 0x0A, 0x06,  // 234:1923
	0x07, 0x8D, 0x0A, 0x06,  // 235:1933
	0x07, 0x97, 0x0C, 0x06,  // 236:1943
	0x07, 0xA3, 0x0C, 0x06,  // 237:1955
	0x07, 0xAF, 0x0C, 0x06,  // 238:1967
	0x07, 0xBB, 0x0C, 0x06,  // 239:1979
	0x07, 0xC7, 0x0A, 0x06,  // 240:1991
	0x07, 0xD1, 0x0A, 0x06,  // 241:2001
	0x07, 0xDB, 0x0A, 0x06,  // 242:2011
	0x07, 0xE5, 0x0A, 0x06,  // 243:2021
	0x07, 0xEF, 0x0A, 0x06,  // 244:2031
	0x07, 0xF9, 0x0A, 0x06,  // 245:2041
	0x08, 0x03, 0x0A, 0x06,  // 246:2051
	0x08, 0x0D, 0x09, 0x06,  // 247:2061
	0x08, 0x16, 0x0A, 0x06,  // 248:2070
	0x08, 0x20, 0x0A, 0x06,  // 249:2080
	0x08, 0x2A, 0x0A, 0x06,  // 250:2090
	0x08, 0x34, 0x0A, 0x06,  // 251:2100
	0x08, 0x3E, 0x0A, 0x06,  // 252:2110
	0x08, 0x48, 0x09, 0x06,  // 253:2120
	0x08, 0x51, 0x0A, 0x06,  // 254:2129
	0x08, 0x5B, 0x09, 0x06,  // 255:2139

	// Font Data:
	0x00,0x00,0x00,0x00,0x00,0x00,0x7C,0x01,	// 33
	0x00,0x00,0x1C,0x00,0x00,0x00,0x00,0x00,0x1C,	// 34
	0x40,0x00,0xF0,0x01,0x5C,0x00,0xD0,0x01,0x7C,0x00,0x10,	// 35
	0x80,0x00,0x1C,0x01,0x24,0x01,0xFE,0x03,0x2C,0x01,0xC0,	// 36
	0x1C,0x00,0x94,0x01,0x7C,0x00,0xD0,0x01,0x4C,0x01,0xC0,0x01,	// 37
	0xC0,0x00,0x38,0x01,0x64,0x01,0x94,0x01,0xE8,0x01,0x00,0x01,	// 38
	0x00,0x00,0x00,0x00,0x1C,0x00,0x04,	// 39
	0x00,0x00,0x00,0x00,0xF8,0x03,0x04,0x04,	// 40
	0x00,0x00,0x00,0x00,0x04,0x04,0xF8,0x03,	// 41
	0x00,0x00,0x08,0x00,0x30,0x00,0x3C,0x00,0x08,	// 42
	0x00,0x00,0x20,0x00,0x78,0x00,0x20,0x00,0x20,	// 43
	0x00,0x00,0x00,0x04,0x00,0x03,	// 44
	0x00,0x00,0x00,0x00,0x40,0x00,0x40,	// 45
	0x00,0x00,0x00,0x00,0x00,0x01,0x00,0x01,	// 46
	0x00,0x00,0x80,0x01,0x60,0x00,0x10,0x00,0x0C,	// 47
	0x00,0x00,0xF8,0x00,0x24,0x01,0x24,0x01,0xF8,	// 48
	0x00,0x00,0x08,0x01,0x04,0x01,0xFC,0x01,0x00,0x01,0x00,0x01,	// 49
	0x00,0x00,0x8C,0x01,0x44,0x01,0x24,0x01,0x3C,0x01,	// 50
	0x00,0x00,0x8C,0x01,0x24,0x01,0x24,0x01,0xDC,0x01,	// 51
	0x40,0x00,0x60,0x00,0x58,0x00,0x44,0x00,0xFC,0x01,0x40,	// 52
	0x00,0x00,0x9C,0x01,0x14,0x01,0x14,0x01,0xF4,	// 53
	0x00,0x00,0xF8,0x00,0x24,0x01,0x24,0x01,0xE8,0x01,	// 54
	0x00,0x00,0x04,0x00,0xC4,0x01,0x34,0x00,0x0C,	// 55
	0x00,0x00,0xDC,0x01,0x24,0x01,0x24,0x01,0xDC,0x01,	// 56
	0x00,0x00,0xBC,0x01,0x24,0x01,0x24,0x01,0xF8,	// 57
	0x00,0x00,0x00,0x00,0x10,0x01,0x10,0x01,	// 58
	0x00,0x00,0x00,0x00,0x10,0x07,0x10,0x01,	// 59
	0x00,0x00,0x20,0x00,0x50,0x00,0x50,0x00,0x88,	// 60
	0x00,0x00,0x50,0x00,0x50,0x00,0x50,0x00,0x50,	// 61
	0x00,0x00,0x88,0x00,0x50,0x00,0x50,0x00,0x20,	// 62
	0x00,0x00,0x0C,0x00,0x44,0x01,0x24,0x00,0x1C,	// 63
	0xF0,0x01,0x68,0x02,0x94,0x02,0x54,0x02,0xB4,0x02,0x78,	// 64
	0x80,0x01,0x60,0x00,0x5C,0x00,0x4C,0x00,0x70,0x00,0x80,0x01,	// 65
	0x00,0x00,0xFC,0x01,0x24,0x01,0x24,0x01,0x3C,0x01,0xC0,	// 66
	0x00,0x00,0xF8,0x00,0x04,0x01,0x04,0x01,0x8C,0x01,	// 67
	0x00,0x00,0xFC,0x01,0x04,0x01,0x04,0x01,0xD8,0x00,0x20,	// 68
	0x00,0x00,0xFC,0x01,0x24,0x01,0x24,0x01,0x24,0x01,	// 69
	0x00,0x00,0xFC,0x01,0x24,0x00,0x24,0x00,0x24,	// 70
	0x00,0x00,0xF8,0x00,0x04,0x01,0x24,0x01,0xEC,0x01,	// 71
	0x00,0x00,0xFC,0x01,0x20,0x00,0x20,0x00,0xFC,0x01,	// 72
	0x00,0x00,0x04,0x01,0xFC,0x01,0x04,0x01,0x04,0x01,	// 73
	0x00,0x00,0x80,0x01,0x04,0x01,0x04,0x01,0xFC,	// 74
	0x00,0x00,0xFC,0x01,0x20,0x00,0x78,0x00,0x84,0x00,0x00,0x01,	// 75
	0x00,0x00,0xFC,0x01,0x00,0x01,0x00,0x01,0x00,0x01,	// 76
	0x00,0x00,0xFC,0x01,0x30,0x00,0x70,0x00,0xFC,0x01,	// 77
	0x00,0x00,0xFC,0x01,0x38,0x00,0xC0,0x00,0xFC,0x01,	// 78
	0x20,0x00,0xDC,0x00,0x04,0x01,0x04,0x01,0xDC,0x00,0x20,	// 79
	0x00,0x00,0xFC,0x01,0x24,0x00,0x24,0x00,0x3C,	// 80
	0x20,0x00,0xDC,0x01,0x04,0x01,0x04,0x07,0xDC,0x04,0x20,0x04,	// 81
	0x00,0x00,0xFC,0x01,0x24,0x00,0x64,0x00,0x9C,0x01,	// 82
	0x80,0x00,0x1C,0x01,0x24,0x01,0x24,0x01,0xEC,0x01,	// 83
	0x04,0x00,0x04,0x00,0xFC,0x01,0x04,0x00,0x04,0x00,0x04,	// 84
	0x00,0x00,0xFC,0x01,0x00,0x01,0x00,0x01,0xFC,0x01,	// 85
	0x04,0x00,0x38,0x00,0xC0,0x01,0xC0,0x01,0x38,0x00,0x04,	// 86
	0x3C,0x00,0xC0,0x01,0x70,0x00,0x70,0x00,0xC0,0x01,0x3C,	// 87
	0x00,0x01,0x8C,0x00,0x70,0x00,0x70,0x00,0x8C,0x00,0x00,0x01,	// 88
	0x04,0x00,0x08,0x00,0xF0,0x01,0x30,0x00,0x08,0x00,0x04,	// 89
	0x00,0x01,0x84,0x01,0x64,0x01,0x14,0x01,0x0C,0x01,0x00,0x01,	// 90
	0x00,0x00,0x00,0x00,0xFC,0x07,0x04,0x04,0x04,0x04,	// 91
	0x00,0x00,0x0C,0x00,0x30,0x00,0x40,0x00,0x80,0x01,	// 92
	0x00,0x00,0x04,0x04,0x04,0x04,0xFC,0x07,	// 93
	0x00,0x00,0x30,0x00,0x0C,0x00,0x0C,0x00,0x30,	// 94
	0x00,0x04,0x00,0x04,0x00,0x04,0x00,0x04,0x00,0x04,0x00,0x04,	// 95
	0x00,0x00,0x00,0x00,0x02,0x00,0x04,	// 96
	0x00,0x00,0xD0,0x01,0x50,0x01,0x50,0x01,0xE0,0x01,0x00,0x01,	// 97
	0x00,0x00,0xFC,0x01,0x10,0x01,0x10,0x01,0xF0,0x01,	// 98
	0x00,0x00,0xF0,0x01,0x10,0x01,0x10,0x01,0x10,0x01,	// 99
	0x00,0x00,0xF0,0x01,0x10,0x01,0x10,0x01,0xFC,0x01,	// 100
	0x00,0x00,0xF0,0x01,0x50,0x01,0x50,0x01,0x70,0x01,	// 101
	0x00,0x00,0x10,0x00,0xFC,0x01,0x14,0x00,0x14,	// 102
	0x00,0x00,0xF0,0x05,0x10,0x05,0x10,0x05,0xF0,0x07,	// 103
	0x00,0x00,0xFC,0x01,0x10,0x00,0x10,0x00,0xF0,0x01,	// 104
	0x00,0x00,0x10,0x01,0x10,0x01,0xF4,0x01,0x00,0x01,0x00,0x01,	// 105
	0x00,0x00,0x10,0x04,0x10,0x04,0xF4,0x07,	// 106
	0x00,0x00,0xFC,0x01,0x40,0x00,0xE0,0x00,0x10,0x01,	// 107
	0x00,0x00,0x04,0x01,0x04,0x01,0xFC,0x01,0x00,0x01,	// 108
	0xE0,0x01,0x10,0x00,0xD0,0x01,0x30,0x00,0xF0,0x01,	// 109
	0x00,0x00,0xF0,0x01,0x10,0x00,0x10,0x00,0xF0,0x01,	// 110
	0x00,0x00,0xF0,0x01,0x10,0x01,0x10,0x01,0xF0,0x01,	// 111
	0x00,0x00,0xF0,0x07,0x10,0x01,0x10,0x01,0xF0,0x01,	// 112
	0x00,0x00,0xF0,0x01,0x10,0x01,0x10,0x01,0xF0,0x07,	// 113
	0x00,0x00,0xF0,0x01,0x20,0x00,0x10,0x00,0x10,	// 114
	0x00,0x00,0x30,0x01,0x50,0x01,0x50,0x01,0xD0,0x01,	// 115
	0x00,0x00,0x10,0x00,0xF8,0x01,0x10,0x01,0x10,0x01,	// 116
	0x00,0x00,0xF0,0x01,0x00,0x01,0x00,0x01,0xF0,0x01,	// 117
	0x00,0x00,0x70,0x00,0x80,0x01,0x80,0x01,0x70,	// 118
	0x70,0x00,0x80,0x01,0x60,0x00,0x60,0x00,0x80,0x01,0x70,	// 119
	0x00,0x00,0x10,0x01,0xE0,0x00,0xE0,0x00,0x10,0x01,	// 120
	0x00,0x00,0x70,0x04,0x80,0x07,0x80,0x01,0x70,	// 121
	0x00,0x00,0x90,0x01,0x50,0x01,0x30,0x01,0x10,0x01,	// 122
	0x00,0x00,0x40,0x00,0xF8,0x03,0x04,0x04,0x04,0x04,	// 123
	0x00,0x00,0x00,0x00,0x00,0x00,0xFC,0x07,	// 124
	0x00,0x00,0x04,0x04,0x04,0x04,0xF8,0x03,0x40,	// 125
	0x00,0x00,0x10,0x00,0x10,0x00,0x20,0x00,0x20,	// 126
	0x00,0x00,0xE0,0x01,0x20,0x01,0xE0,0x01,	// 127
	0x00,0x00,0xE0,0x01,0x20,0x01,0xE0,0x01,	// 128
	0x00,0x00,0xE0,0x01,0x20,0x01,0xE0,0x01,	// 129
	0x00,0x00,0xE0,0x01,0x20,0x01,0xE0,0x01,	// 130
	0x00,0x00,0xE0,0x01,0x20,0x01,0xE0,0x01,	// 131
	0x00,0x00,0xE0,0x01,0x20,0x01,0xE0,0x01,	// 132
	0x00,0x00,0xE0,0x01,0x20,0x01,0xE0,0x01,	// 133
	0x00,0x00,0xE0,0x01,0x20,0x01,0xE0,0x01,	// 134
	0x00,0x00,0xE0,0x01,0x20,0x01,0xE0,0x01,	// 135
	0x00,0x00,0xE0,0x01,0x20,0x01,0xE0,0x01,	// 136
	0x00,0x00,0xE0,0x01,0x20,0x01,0xE0,0x01,	// 137
	0x00,0x00,0xE0,0x01,0x20,0x01,0xE0,0x01,	// 138
	0x00,0x00,0xE0,0x01,0x20,0x01,0xE0,0x01,	// 139
	0x00,0x00,0xE0,0x01,0x20,0x01,0xE0,0x01,	// 140
	0x00,0x00,0xE0,0x01,0x20,0x01,0xE0,0x01,	// 141
	0x00,0x00,0xE0,0x01,0x20,0x01,0xE0,0x01,	// 142
	0x00,0x00,0xE0,0x01,0x20,0x01,0xE0,0x01,	// 143
	0x00,0x00,0xE0,0x01,0x20,0x01,0xE0,0x01,	// 144
	0x00,0x00,0xE0,0x01,0x20,0x01,0xE0,0x01,	// 145
	0x00,0x00,0xE0,0x01,0x20,0x01,0xE0,0x01,	// 146
	0x00,0x00,0xE0,0x01,0x20,0x01,0xE0,0x01,	// 147
	0x00,0x00,0xE0,0x01,0x20,0x01,0xE0,0x01,	// 148
	0x00,0x00,0xE0,0x01,0x20,0x01,0xE0,0x01,	// 149
	0x00,0x00,0xE0,0x01,0x20,0x01,0xE0,0x01,	// 150
	0x00,0x00,0xE0,0x01,0x20,0x01,0xE0,0x01,	// 151
	0x00,0x00,0xE0,0x01,0x20,0x01,0xE0,0x01,	// 152
	0x00,0x00,0xE0,0x01,0x20,0x01,0xE0,0x01,	// 153
	0x00,0x00,0xE0,0x01,0x20,0x01,0xE0,0x01,	// 154
	0x00,0x00,0xE0,0x01,0x20,0x01,0xE0,0x01,	// 155
	0x00,0x00,0xE0,0x01,0x20,0x01,0xE0,0x01,	// 156
	0x00,0x00,0xE0,0x01,0x20,0x01,0xE0,0x01,	// 157
	0x00,0x00,0xE0,0x01,0x20,0x01,0xE0,0x01,	// 158
	0x00,0x00,0xE0,0x01,0x20,0x01,0xE0,0x01,	// 159
	0x00,0x00,0x00,0x00,0x00,0x00,0xD0,0x07,	// 161
	0x00,0x00,0xF8,0x00,0x88,0x00,0x8C,0x01,0x88,	// 162
	0x20,0x01,0xF8,0x01,0x24,0x01,0x24,0x01,0x0C,0x01,0x00,0x01,	// 163
	0x00,0x00,0xF0,0x00,0x90,0x00,0x90,0x00,0xF0,	// 164
	0x00,0x00,0xAC,0x00,0xF0,0x01,0xB0,0x00,0xAC,	// 165
	0x00,0x00,0x00,0x00,0x00,0x00,0xBC,0x07,	// 166
	0x00,0x00,0x6C,0x02,0x94,0x02,0x94,0x02,0xE4,0x03,	// 167
	0x00,0x00,0x00,0x00,0x04,0x00,0x04,	// 168
	0xF8,0x00,0x24,0x01,0x54,0x01,0x54,0x01,0x04,0x01,0xF8,	// 169
	0x00,0x00,0x34,0x00,0x34,0x00,0x14,0x00,0x28,	// 170
	0x00,0x00,0x60,0x00,0x90,0x00,0x60,0x00,0x90,	// 171
	0x00,0x00,0x20,0x00,0x20,0x00,0x20,0x00,0x60,	// 172
	0x00,0x00,0x00,0x00,0x40,0x00,0x40,	// 173
	0xF8,0x00,0x74,0x01,0x34,0x01,0x74,0x01,0x04,0x01,0xF8,	// 174
	0x02,0x00,0x02,0x00,0x02,0x00,0x02,0x00,0x02,0x00,0x02,	// 175
	0x00,0x00,0x00,0x00,0x1C,0x00,0x1C,	// 176
	0x00,0x00,0x20,0x01,0x78,0x01,0x20,0x01,0x20,0x01,	// 177
	0x00,0x00,0x00,0x00,0x34,0x00,0x2C,	// 178
	0x00,0x00,0x00,0x00,0x24,0x00,0x2C,0x00,0x10,	// 179
	0x00,0x00,0x00,0x00,0x04,0x00,0x02,	// 180
	0x00,0x00,0xF0,0x07,0x00,0x01,0x00,0x01,0xF0,0x01,	// 181
	0x00,0x00,0x3C,0x00,0xFC,0x07,0x04,0x00,0xFC,0x07,	// 182
	0x00,0x00,0x00,0x00,0x20,0x00,0x20,	// 183
	0x00,0x00,0x00,0x06,	// 184
	0x00,0x00,0x28,0x00,0x24,0x00,0x38,0x00,0x20,	// 185
	0x00,0x00,0x18,0x00,0x24,0x00,0x24,0x00,0x18,	// 186
	0x00,0x00,0x90,0x00,0x60,0x00,0x90,0x00,0x60,	// 187
	0x08,0x00,0x3C,0x01,0xE0,0x00,0xD8,0x00,0xA4,0x00,0xC0,0x01,	// 188
	0x08,0x00,0x3C,0x01,0xC0,0x00,0x38,0x01,0xA4,0x01,0x40,0x01,	// 189
	0x24,0x00,0x2C,0x01,0xF0,0x00,0xD8,0x00,0xA4,0x00,0xC0,0x01,	// 190
	0x00,0x00,0x00,0x07,0x80,0x04,0x50,0x04,0x00,0x06,	// 191
	0x80,0x01,0x60,0x00,0x5C,0x00,0x4D,0x00,0x70,0x00,0x80,0x01,	// 192
	0x80,0x01,0x60,0x00,0x5C,0x00,0x4D,0x00,0x70,0x00,0x80,0x01,	// 193
	0x80,0x01,0x61,0x00,0x5C,0x00,0x4C,0x00,0x71,0x00,0x80,0x01,	// 194
	0x80,0x01,0x61,0x00,0x5C,0x00,0x4D,0x00,0x70,0x00,0x80,0x01,	// 195
	0x80,0x01,0x60,0x00,0x5D,0x00,0x4D,0x00,0x70,0x00,0x80,0x01,	// 196
	0x80,0x01,0x60,0x00,0x5F,0x00,0x4F,0x00,0x70,0x00,0x80,0x01,	// 197
	0x80,0x01,0x70,0x00,0x4C,0x00,0xFC,0x01,0x24,0x01,0x24,0x01,	// 198
	0x00,0x00,0xF8,0x00,0x04,0x01,0x04,0x07,0x8C,0x01,	// 199
	0x00,0x00,0xFC,0x01,0x24,0x01,0x25,0x01,0x24,0x01,	// 200
	0x00,0x00,0xFC,0x01,0x24,0x01,0x25,0x01,0x24,0x01,	// 201
	0x00,0x00,0xFD,0x01,0x24,0x01,0x24,0x01,0x25,0x01,	// 202
	0x00,0x00,0xFC,0x01,0x25,0x01,0x25,0x01,0x24,0x01,	// 203
	0x00,0x00,0x04,0x01,0xFC,0x01,0x05,0x01,0x04,0x01,	// 204
	0x00,0x00,0x04,0x01,0xFC,0x01,0x05,0x01,0x04,0x01,	// 205
	0x00,0x00,0x05,0x01,0xFC,0x01,0x04,0x01,0x05,0x01,	// 206
	0x00,0x00,0x04,0x01,0xFD,0x01,0x05,0x01,0x04,0x01,	// 207
	0x20,0x00,0xFC,0x01,0x24,0x01,0x04,0x01,0xD8,0x00,0x20,	// 208
	0x00,0x00,0xFD,0x01,0x38,0x00,0xC1,0x00,0xFC,0x01,	// 209
	0x20,0x00,0xDC,0x00,0x04,0x01,0x05,0x01,0xDC,0x00,0x20,	// 210
	0x20,0x00,0xDC,0x00,0x04,0x01,0x05,0x01,0xDC,0x00,0x20,	// 211
	0x20,0x00,0xDD,0x00,0x04,0x01,0x04,0x01,0xDD,0x00,0x20,	// 212
	0x20,0x00,0xDD,0x00,0x04,0x01,0x05,0x01,0xDC,0x00,0x20,	// 213
	0x20,0x00,0xDC,0x00,0x05,0x01,0x05,0x01,0xDC,0x00,0x20,	// 214
	0x00,0x00,0xD8,0x00,0x70,0x00,0x70,0x00,0xD8,	// 215
	0x20,0x01,0xDC,0x00,0x64,0x01,0x14,0x01,0xDC,0x00,0x24,	// 216
	0x00,0x00,0xFC,0x01,0x00,0x01,0x01,0x01,0xFC,0x01,	// 217
	0x00,0x00,0xFC,0x01,0x00,0x01,0x01,0x01,0xFC,0x01,	// 218
	0x00,0x00,0xFD,0x01,0x00,0x01,0x00,0x01,0xFD,0x01,	// 219
	0x00,0x00,0xFC,0x01,0x01,0x01,0x01,0x01,0xFC,0x01,	// 220
	0x04,0x00,0x08,0x00,0xF0,0x01,0x31,0x00,0x08,0x00,0x04,	// 221
	0x00,0x00,0xFC,0x01,0x88,0x00,0x88,0x00,0xF8,	// 222
	0x00,0x00,0xFC,0x01,0x04,0x00,0x34,0x01,0x4C,0x01,0x80,	// 223
	0x00,0x00,0xD0,0x01,0x52,0x01,0x54,0x01,0xE0,0x01,0x00,0x01,	// 224
	0x00,0x00,0xD0,0x01,0x50,0x01,0x54,0x01,0xE2,0x01,0x00,0x01,	// 225
	0x00,0x00,0xD4,0x01,0x52,0x01,0x52,0x01,0xE4,0x01,0x00,0x01,	// 226
	0x04,0x00,0xD2,0x01,0x54,0x01,0x52,0x01,0xE0,0x01,0x00,0x01,	// 227
	0x00,0x00,0xD0,0x01,0x54,0x01,0x54,0x01,0xE0,0x01,0x00,0x01,	// 228
	0x00,0x00,0xD0,0x01,0x57,0x01,0x57,0x01,0xE0,0x01,0x00,0x01,	// 229
	0xD0,0x01,0x50,0x01,0xF0,0x00,0x50,0x01,0x50,0x01,0x60,0x01,	// 230
	0x00,0x00,0xF0,0x01,0x10,0x01,0x10,0x07,0x10,0x01,	// 231
	0x00,0x00,0xF0,0x01,0x52,0x01,0x54,0x01,0x70,0x01,	// 232
	0x00,0x00,0xF0,0x01,0x50,0x01,0x54,0x01,0x72,0x01,	// 233
	0x00,0x00,0xF4,0x01,0x52,0x01,0x52,0x01,0x74,0x01,	// 234
	0x00,0x00,0xF0,0x01,0x54,0x01,0x54,0x01,0x70,0x01,	// 235
	0x00,0x00,0x10,0x01,0x12,0x01,0xF4,0x01,0x00,0x01,0x00,0x01,	// 236
	0x00,0x00,0x10,0x01,0x10,0x01,0xF4,0x01,0x02,0x01,0x00,0x01,	// 237
	0x00,0x00,0x14,0x01,0x12,0x01,0xF2,0x01,0x04,0x01,0x00,0x01,	// 238
	0x00,0x00,0x10,0x01,0x14,0x01,0xF4,0x01,0x00,0x01,0x00,0x01,	// 239
	0x00,0x00,0xE0,0x01,0x2C,0x01,0x2C,0x01,0xF4,0x01,	// 240
	0x00,0x00,0xF4,0x01,0x12,0x00,0x14,0x00,0xF2,0x01,	// 241
	0x00,0x00,0xF0,0x01,0x12,0x01,0x14,0x01,0xF0,0x01,	// 242
	0x00,0x00,0xF0,0x01,0x10,0x01,0x14,0x01,0xF2,0x01,	// 243
	0x00,0x00,0xF4,0x01,0x12,0x01,0x12,0x01,0xF4,0x01,	// 244
	0x00,0x00,0xF4,0x01,0x12,0x01,0x14,0x01,0xF2,0x01,	// 245
	0x00,0x00,0xF0,0x01,0x14,0x01,0x14,0x01,0xF0,0x01,	// 246
	0x00,0x00,0x20,0x00,0x20,0x00,0x20,0x00,0x20,	// 247
	0x00,0x00,0xF0,0x01,0x50,0x01,0x30,0x01,0xF0,0x01,	// 248
	0x00,0x00,0xF0,0x01,0x02,0x01,0x04,0x01,0xF0,0x01,	// 249
	0x00,0x00,0xF0,0x01,0x00,0x01,0x04,0x01,0xF2,0x01,	// 250
	0x00,0x00,0xF4,0x01,0x02,0x01,0x02,0x01,0xF4,0x01,	// 251
	0x00,0x00,0xF0,0x01,0x04,0x01,0x04,0x01,0xF0,0x01,	// 252
	0x00,0x00,0x70,0x04,0x80,0x07,0x84,0x01,0x72,	// 253
	0x00,0x00,0xFC,0x07,0x10,0x01,0x10,0x01,0xF0,0x01,	// 254
	0x00,0x00,0x70,0x04,0x84,0x07,0x84,0x01,0x70	// 255
};

// Created by http://oleddisplay.squix.ch/ Consider a donation
// In case of problems make sure that you are using the font file with the correct version!
const uint8_t Cousine_Regular_14[] PROGMEM = {
	0x08, // Width: 8
	0x11, // Height: 17
	0x20, // First Char: 32
	0xE0, // Numbers of Chars: 224

	// Jump Table:
	0xFF, 0xFF, 0x00, 0x08,  // 32:65535
	0x00, 0x00, 0x0E, 0x08,  // 33:0
	0x00, 0x0E, 0x10, 0x08,  // 34:14
	0x00, 0x1E, 0x16, 0x08,  // 35:30
	0x00, 0x34, 0x14, 0x08,  // 36:52
	0x00, 0x48, 0x17, 0x08,  // 37:72
	0x00, 0x5F, 0x17, 0x08,  // 38:95
	0x00, 0x76, 0x0D, 0x08,  // 39:118
	0x00, 0x83, 0x11, 0x08,  // 40:131
	0x00, 0x94, 0x11, 0x08,  // 41:148
	0x00, 0xA5, 0x10, 0x08,  // 42:165
	0x00, 0xB5, 0x13, 0x08,  // 43:181
	0x00, 0xC8, 0x0B, 0x08,  // 44:200
	0x00, 0xD3, 0x11, 0x08,  // 45:211
	0x00, 0xE4, 0x0E, 0x08,  // 46:228
	0x00, 0xF2, 0x13, 0x08,  // 47:242
	0x01, 0x05, 0x14, 0x08,  // 48:261
	0x01, 0x19, 0x17, 0x08,  // 49:281
	0x01, 0x30, 0x14, 0x08,  // 50:304
	0x01, 0x44, 0x14, 0x08,  // 51:324
	0x01, 0x58, 0x14, 0x08,  // 52:344
	0x01, 0x6C, 0x14, 0x08,  // 53:364
	0x01, 0x80, 0x14, 0x08,  // 54:384
	0x01, 0x94, 0x13, 0x08,  // 55:404
	0x01, 0xA7, 0x14, 0x08,  // 56:423
	0x01, 0xBB, 0x14, 0x08,  // 57:443
	0x01, 0xCF, 0x0E, 0x08,  // 58:463
	0x01, 0xDD, 0x0E, 0x08,  // 59:477
	0x01, 0xEB, 0x14, 0x08,  // 60:491
	0x01, 0xFF, 0x14, 0x08,  // 61:511
	0x02, 0x13, 0x14, 0x08,  // 62:531
	0x02, 0x27, 0x13, 0x08,  // 63:551
	0x02, 0x3A, 0x17, 0x08,  // 64:570
	0x02, 0x51, 0x17, 0x08,  // 65:593
	0x02, 0x68, 0x14, 0x08,  // 66:616
	0x02, 0x7C, 0x14, 0x08,  // 67:636
	0x02, 0x90, 0x14, 0x08,  // 68:656
	0x02, 0xA4, 0x14, 0x08,  // 69:676
	0x02, 0xB8, 0x13, 0x08,  // 70:696
	0x02, 0xCB, 0x14, 0x08,  // 71:715
	0x02, 0xDF, 0x14, 0x08,  // 72:735
	0x02, 0xF3, 0x14, 0x08,  // 73:755
	0x03, 0x07, 0x11, 0x08,  // 74:775
	0x03, 0x18, 0x17, 0x08,  // 75:792
	0x03, 0x2F, 0x14, 0x08,  // 76:815
	0x03, 0x43, 0x14, 0x08,  // 77:835
	0x03, 0x57, 0x14, 0x08,  // 78:855
	0x03, 0x6B, 0x14, 0x08,  // 79:875
	0x03, 0x7F, 0x13, 0x08,  // 80:895
	0x03, 0x92, 0x14, 0x08,  // 81:914
	0x03, 0xA6, 0x14, 0x08,  // 82:934
	0x03, 0xBA, 0x14, 0x08,  // 83:954
	0x03, 0xCE, 0x16, 0x08,  // 84:974
	0x03, 0xE4, 0x14, 0x08,  // 85:996
	0x03, 0xF8, 0x16, 0x08,  // 86:1016
	0x04, 0x0E, 0x16, 0x08,  // 87:1038
	0x04, 0x24, 0x14, 0x08,  // 88:1060
	0x04, 0x38, 0x16, 0x08,  // 89:1080
	0x04, 0x4E, 0x17, 0x08,  // 90:1102
	0x04, 0x65, 0x11, 0x08,  // 91:1125
	0x04, 0x76, 0x14, 0x08,  // 92:1142
	0x04, 0x8A, 0x0E, 0x08,  // 93:1162
	0x04, 0x98, 0x14, 0x08,  // 94:1176
	0x04, 0xAC, 0x17, 0x08,  // 95:1196
	0x04, 0xC3, 0x0D, 0x08,  // 96:1219
	0x04, 0xD0, 0x17, 0x08,  // 97:1232
	0x04, 0xE7, 0x14, 0x08,  // 98:1255
	0x04, 0xFB, 0x14, 0x08,  // 99:1275
	0x05, 0x0F, 0x14, 0x08,  // 100:1295
	0x05, 0x23, 0x14, 0x08,  // 101:1315
	0x05, 0x37, 0x13, 0x08,  // 102:1335
	0x05, 0x4A, 0x14, 0x08,  // 103:1354
	0x05, 0x5E, 0x14, 0x08,  // 104:1374
	0x05, 0x72, 0x17, 0x08,  // 105:1394
	0x05, 0x89, 0x11, 0x08,  // 106:1417
	0x05, 0x9A, 0x14, 0x08,  // 107:1434
	0x05, 0xAE, 0x14, 0x08,  // 108:1454
	0x05, 0xC2, 0x14, 0x08,  // 109:1474
	0x05, 0xD6, 0x14, 0x08,  // 110:1494
	0x05, 0xEA, 0x14, 0x08,  // 111:1514
	0x05, 0xFE, 0x14, 0x08,  // 112:1534
	0x06, 0x12, 0x14, 0x08,  // 113:1554
	0x06, 0x26, 0x13, 0x08,  // 114:1574
	0x06, 0x39, 0x14, 0x08,  // 115:1593
	0x06, 0x4D, 0x14, 0x08,  // 116:1613
	0x06, 0x61, 0x14, 0x08,  // 117:1633
	0x06, 0x75, 0x13, 0x08,  // 118:1653
	0x06, 0x88, 0x16, 0x08,  // 119:1672
	0x06, 0x9E, 0x14, 0x08,  // 120:1694
	0x06, 0xB2, 0x13, 0x08,  // 121:1714
	0x06, 0xC5, 0x14, 0x08,  // 122:1733
	0x06, 0xD9, 0x14, 0x08,  // 123:1753
	0x06, 0xED, 0x0E, 0x08,  // 124:1773
	0x06, 0xFB, 0x14, 0x08,  // 125:1787
	0x07, 0x0F, 0x13, 0x08,  // 126:1807
	0x07, 0x22, 0x11, 0x08,  // 127:1826
	0x07, 0x33, 0x11, 0x08,  // 128:1843
	0x07, 0x44, 0x11, 0x08,  // 129:1860
	0x07, 0x55, 0x11, 0x08,  // 130:1877
	0x07, 0x66, 0x11, 0x08,  // 131:1894
	0x07, 0x77, 0x11, 0x08,  // 132:1911
	0x07, 0x88, 0x11, 0x08,  // 133:1928
	0x07, 0x99, 0x11, 0x08,  // 134:1945
	0x07, 0xAA, 0x11, 0x08,  // 135:1962
	0x07, 0xBB, 0x11, 0x08,  // 136:1979
	0x07, 0xCC, 0x11, 0x08,  // 137:1996
	0x07, 0xDD, 0x11, 0x08,  // 138:2013
	0x07, 0xEE, 0x11, 0x08,  // 139:2030
	0x07, 0xFF, 0x11, 0x08,  // 140:2047
	0x08, 0x10, 0x11, 0x08,  // 141:2064
	0x08, 0x21, 0x11, 0x08,  // 142:2081
	0x08, 0x32, 0x11, 0x08,  // 143:2098
	0x08, 0x43, 0x11, 0x08,  // 144:2115
	0x08, 0x54, 0x11, 0x08,  // 145:2132
	0x08, 0x65, 0x11, 0x08,  // 146:2149
	0x08, 0x76, 0x11, 0x08,  // 147:2166
	0x08, 0x87, 0x11, 0x08,  // 148:2183
	0x08, 0x98, 0x11, 0x08,  // 149:2200
	0x08, 0xA9, 0x11, 0x08,  // 150:2217
	0x08, 0xBA, 0x11, 0x08,  // 151:2234
	0x08, 0xCB, 0x11, 0x08,  // 152:2251
	0x08, 0xDC, 0x11, 0x08,  // 153:2268
	0x08, 0xED, 0x11, 0x08,  // 154:2285
	0x08, 0xFE, 0x11, 0x08,  // 155:2302
	0x09, 0x0F, 0x11, 0x08,  // 156:2319
	0x09, 0x20, 0x11, 0x08,  // 157:2336
	0x09, 0x31, 0x11, 0x08,  // 158:2353
	0x09, 0x42, 0x11, 0x08,  // 159:2370
	0xFF, 0xFF, 0x00, 0x08,  // 160:65535
	0x09, 0x53, 0x0E, 0x08,  // 161:2387
	0x09, 0x61, 0x14, 0x08,  // 162:2401
	0x09, 0x75, 0x17, 0x08,  // 163:2421
	0x09, 0x8C, 0x14, 0x08,  // 164:2444
	0x09, 0xA0, 0x16, 0x08,  // 165:2464
	0x09, 0xB6, 0x0E, 0x08,  // 166:2486
	0x09, 0xC4, 0x14, 0x08,  // 167:2500
	0x09, 0xD8, 0x10, 0x08,  // 168:2520
	0x09, 0xE8, 0x17, 0x08,  // 169:2536
	0x09, 0xFF, 0x13, 0x08,  // 170:2559
	0x0A, 0x12, 0x14, 0x08,  // 171:2578
	0x0A, 0x26, 0x14, 0x08,  // 172:2598
	0x0A, 0x3A, 0x11, 0x08,  // 173:2618
	0x0A, 0x4B, 0x17, 0x08,  // 174:2635
	0x0A, 0x62, 0x16, 0x08,  // 175:2658
	0x0A, 0x78, 0x10, 0x08,  // 176:2680
	0x0A, 0x88, 0x14, 0x08,  // 177:2696
	0x0A, 0x9C, 0x11, 0x08,  // 178:2716
	0x0A, 0xAD, 0x10, 0x08,  // 179:2733
	0x0A, 0xBD, 0x0D, 0x08,  // 180:2749
	0x0A, 0xCA, 0x14, 0x08,  // 181:2762
	0x0A, 0xDE, 0x13, 0x08,  // 182:2782
	0x0A, 0xF1, 0x0D, 0x08,  // 183:2801
	0x0A, 0xFE, 0x08, 0x08,  // 184:2814
	0x0B, 0x06, 0x11, 0x08,  // 185:2822
	0x0B, 0x17, 0x13, 0x08,  // 186:2839
	0x0B, 0x2A, 0x14, 0x08,  // 187:2858
	0x0B, 0x3E, 0x14, 0x08,  // 188:2878
	0x0B, 0x52, 0x17, 0x08,  // 189:2898
	0x0B, 0x69, 0x14, 0x08,  // 190:2921
	0x0B, 0x7D, 0x14, 0x08,  // 191:2941
	0x0B, 0x91, 0x17, 0x08,  // 192:2961
	0x0B, 0xA8, 0x17, 0x08,  // 193:2984
	0x0B, 0xBF, 0x17, 0x08,  // 194:3007
	0x0B, 0xD6, 0x17, 0x08,  // 195:3030
	0x0B, 0xED, 0x17, 0x08,  // 196:3053
	0x0C, 0x04, 0x17, 0x08,  // 197:3076
	0x0C, 0x1B, 0x17, 0x08,  // 198:3099
	0x0C, 0x32, 0x14, 0x08,  // 199:3122
	0x0C, 0x46, 0x14, 0x08,  // 200:3142
	0x0C, 0x5A, 0x14, 0x08,  // 201:3162
	0x0C, 0x6E, 0x14, 0x08,  // 202:3182
	0x0C, 0x82, 0x14, 0x08,  // 203:3202
	0x0C, 0x96, 0x14, 0x08,  // 204:3222
	0x0C, 0xAA, 0x14, 0x08,  // 205:3242
	0x0C, 0xBE, 0x14, 0x08,  // 206:3262
	0x0C, 0xD2, 0x14, 0x08,  // 207:3282
	0x0C, 0xE6, 0x14, 0x08,  // 208:3302
	0x0C, 0xFA, 0x14, 0x08,  // 209:3322
	0x0D, 0x0E, 0x14, 0x08,  // 210:3342
	0x0D, 0x22, 0x14, 0x08,  // 211:3362
	0x0D, 0x36, 0x14, 0x08,  // 212:3382
	0x0D, 0x4A, 0x14, 0x08,  // 213:3402
	0x0D, 0x5E, 0x14, 0x08,  // 214:3422
	0x0D, 0x72, 0x14, 0x08,  // 215:3442
	0x0D, 0x86, 0x14, 0x08,  // 216:3462
	0x0D, 0x9A, 0x14, 0x08,  // 217:3482
	0x0D, 0xAE, 0x14, 0x08,  // 218:3502
	0x0D, 0xC2, 0x14, 0x08,  // 219:3522
	0x0D, 0xD6, 0x14, 0x08,  // 220:3542
	0x0D, 0xEA, 0x16, 0x08,  // 221:3562
	0x0E, 0x00, 0x14, 0x08,  // 222:3584
	0x0E, 0x14, 0x17, 0x08,  // 223:3604
	0x0E, 0x2B, 0x17, 0x08,  // 224:3627
	0x0E, 0x42, 0x17, 0x08,  // 225:3650
	0x0E, 0x59, 0x17, 0x08,  // 226:3673
	0x0E, 0x70, 0x17, 0x08,  // 227:3696
	0x0E, 0x87, 0x17, 0x08,  // 228:3719
	0x0E, 0x9E, 0x17, 0x08,  // 229:3742
	0x0E, 0xB5, 0x17, 0x08,  // 230:3765
	0x0E, 0xCC, 0x14, 0x08,  // 231:3788
	0x0E, 0xE0, 0x14, 0x08,  // 232:3808
	0x0E, 0xF4, 0x14, 0x08,  // 233:3828
	0x0F, 0x08, 0x14, 0x08,  // 234:3848
	0x0F, 0x1C, 0x14, 0x08,  // 235:3868
	0x0F, 0x30, 0x17, 0x08,  // 236:3888
	0x0F, 0x47, 0x17, 0x08,  // 237:3911
	0x0F, 0x5E, 0x17, 0x08,  // 238:3934
	0x0F, 0x75, 0x17, 0x08,  // 239:3957
	0x0F, 0x8C, 0x14, 0x08,  // 240:3980
	0x0F, 0xA0, 0x14, 0x08,  // 241:4000
	0x0F, 0xB4, 0x14, 0x08,  // 242:4020
	0x0F, 0xC8, 0x14, 0x08,  // 243:4040
	0x0F, 0xDC, 0x14, 0x08,  // 244:4060
	0x0F, 0xF0, 0x14, 0x08,  // 245:4080
	0x10, 0x04, 0x14, 0x08,  // 246:4100
	0x10, 0x18, 0x13, 0x08,  // 247:4120
	0x10, 0x2B, 0x14, 0x08,  // 248:4139
	0x10, 0x3F, 0x14, 0x08,  // 249:4159
	0x10, 0x53, 0x14, 0x08,  // 250:4179
	0x10, 0x67, 0x14, 0x08,  // 251:4199
	0x10, 0x7B, 0x14, 0x08,  // 252:4219
	0x10, 0x8F, 0x13, 0x08,  // 253:4239
	0x10, 0xA2, 0x14, 0x08,  // 254:4258
	0x10, 0xB6, 0x13, 0x08,  // 255:4278

	// Font Data:
	0x00,0x00,0x00,0x00,0x00,0x00,0x00,0x00,0x00,0x78,0x08,0x00,0xF8,0x09,	// 33
	0x00,0x00,0x00,0x00,0x00,0x00,0x3C,0x00,0x00,0x00,0x00,0x00,0x00,0x00,0x00,0x3C,	// 34
	0x00,0x01,0x00,0x20,0x0F,0x00,0xF0,0x01,0x00,0x28,0x01,0x00,0x20,0x0F,0x00,0xF0,0x01,0x00,0x28,0x01,0x00,0x20,	// 35
	0x00,0x00,0x00,0x70,0x0C,0x00,0xC8,0x08,0x00,0x88,0x08,0x00,0xFC,0x1F,0x00,0x88,0x09,0x00,0x10,0x07,	// 36
	0x78,0x00,0x00,0x48,0x08,0x00,0x48,0x06,0x00,0x30,0x01,0x00,0xC0,0x06,0x00,0x20,0x09,0x00,0x18,0x09,0x00,0x00,0x0F,	// 37
	0x00,0x07,0x00,0x80,0x0D,0x00,0xF8,0x08,0x00,0xC8,0x09,0x00,0x48,0x0A,0x00,0x38,0x06,0x00,0x80,0x09,0x00,0x00,0x08,	// 38
	0x00,0x00,0x00,0x00,0x00,0x00,0x00,0x00,0x00,0x1C,0x00,0x00,0x3C,	// 39
	0x00,0x00,0x00,0x00,0x00,0x00,0xC0,0x07,0x00,0xF0,0x1E,0x00,0x0C,0x60,0x00,0x04,0x40,	// 40
	0x00,0x00,0x00,0x00,0x00,0x00,0x04,0x40,0x00,0x0C,0x60,0x00,0xF0,0x1F,0x00,0xC0,0x07,	// 41
	0x00,0x00,0x00,0x00,0x00,0x00,0x48,0x00,0x00,0x30,0x00,0x00,0x3C,0x00,0x00,0x48,	// 42
	0x00,0x00,0x00,0x80,0x00,0x00,0x80,0x00,0x00,0x80,0x00,0x00,0xF0,0x07,0x00,0x80,0x00,0x00,0x80,	// 43
	0x00,0x00,0x00,0x00,0x00,0x00,0x00,0x38,0x00,0x00,0x0C,	// 44
	0x00,0x00,0x00,0x00,0x00,0x00,0x00,0x01,0x00,0x00,0x01,0x00,0x00,0x01,0x00,0x00,0x01,	// 45
	0x00,0x00,0x00,0x00,0x00,0x00,0x00,0x00,0x00,0x00,0x0C,0x00,0x00,0x0C,	// 46
	0x00,0x00,0x00,0x00,0x08,0x00,0x00,0x06,0x00,0x80,0x01,0x00,0x60,0x00,0x00,0x18,0x00,0x00,0x04,	// 47
	0x00,0x00,0x00,0xF0,0x07,0x00,0x18,0x0C,0x00,0x88,0x08,0x00,0x88,0x08,0x00,0x18,0x0C,0x00,0xF0,0x07,	// 48
	0x00,0x00,0x00,0x20,0x08,0x00,0x20,0x08,0x00,0x10,0x08,0x00,0xF8,0x0F,0x00,0x00,0x08,0x00,0x00,0x08,0x00,0x00,0x08,	// 49
	0x00,0x00,0x00,0x30,0x0C,0x00,0x18,0x0E,0x00,0x08,0x0B,0x00,0x88,0x09,0x00,0xD8,0x08,0x00,0x70,0x08,	// 50
	0x00,0x00,0x00,0x30,0x06,0x00,0x18,0x0C,0x00,0x88,0x08,0x00,0x88,0x08,0x00,0x58,0x0D,0x00,0x70,0x07,	// 51
	0x00,0x00,0x00,0x00,0x03,0x00,0xC0,0x02,0x00,0x20,0x02,0x00,0x18,0x02,0x00,0xF8,0x0F,0x00,0x00,0x02,	// 52
	0x00,0x00,0x00,0xF8,0x04,0x00,0x98,0x08,0x00,0x48,0x08,0x00,0x48,0x08,0x00,0xC8,0x0C,0x00,0x88,0x07,	// 53
	0x00,0x00,0x00,0xE0,0x03,0x00,0x90,0x0C,0x00,0x48,0x08,0x00,0x48,0x08,0x00,0xD8,0x0C,0x00,0x90,0x07,	// 54
	0x00,0x00,0x00,0x08,0x00,0x00,0x08,0x00,0x00,0x08,0x0F,0x00,0xC8,0x01,0x00,0x38,0x00,0x00,0x18,	// 55
	0x00,0x00,0x00,0x70,0x07,0x00,0x58,0x09,0x00,0x88,0x08,0x00,0x88,0x08,0x00,0xD8,0x08,0x00,0x70,0x07,	// 56
	0x00,0x00,0x00,0xF0,0x04,0x00,0x98,0x0D,0x00,0x08,0x09,0x00,0x08,0x09,0x00,0x98,0x04,0x00,0xF0,0x03,	// 57
	0x00,0x00,0x00,0x00,0x00,0x00,0x00,0x00,0x00,0x60,0x0C,0x00,0x60,0x0C,	// 58
	0x00,0x00,0x00,0x00,0x00,0x00,0x00,0x20,0x00,0x60,0x1C,0x00,0x60,0x04,	// 59
	0x00,0x00,0x00,0xC0,0x01,0x00,0x40,0x01,0x00,0x40,0x01,0x00,0x20,0x02,0x00,0x20,0x02,0x00,0x10,0x04,	// 60
	0x00,0x00,0x00,0x40,0x02,0x00,0x40,0x02,0x00,0x40,0x02,0x00,0x40,0x02,0x00,0x40,0x02,0x00,0x40,0x02,	// 61
	0x00,0x00,0x00,0x10,0x04,0x00,0x20,0x02,0x00,0x20,0x02,0x00,0x40,0x01,0x00,0x40,0x01,0x00,0xC0,0x01,	// 62
	0x00,0x00,0x00,0x30,0x00,0x00,0x18,0x00,0x00,0x08,0x0B,0x00,0x08,0x01,0x00,0x98,0x00,0x00,0x70,	// 63
	0xC0,0x07,0x00,0x30,0x18,0x00,0xC8,0x27,0x00,0x24,0x24,0x00,0x24,0x22,0x00,0xE4,0x27,0x00,0x18,0x16,0x00,0xE0,0x01,	// 64
	0x00,0x08,0x00,0x00,0x07,0x00,0xE0,0x01,0x00,0x18,0x01,0x00,0x18,0x01,0x00,0xE0,0x01,0x00,0x00,0x07,0x00,0x00,0x08,	// 65
	0x00,0x00,0x00,0xF8,0x0F,0x00,0x88,0x08,0x00,0x88,0x08,0x00,0x88,0x08,0x00,0xD8,0x08,0x00,0x70,0x07,	// 66
	0x00,0x00,0x00,0xF0,0x03,0x00,0x10,0x04,0x00,0x08,0x08,0x00,0x08,0x08,0x00,0x18,0x0C,0x00,0x30,0x06,	// 67
	0x00,0x00,0x00,0xF8,0x0F,0x00,0x08,0x08,0x00,0x08,0x08,0x00,0x08,0x08,0x00,0x10,0x0C,0x00,0xF0,0x07,	// 68
	0x00,0x00,0x00,0xF8,0x0F,0x00,0x88,0x08,0x00,0x88,0x08,0x00,0x88,0x08,0x00,0x88,0x08,0x00,0x88,0x08,	// 69
	0x00,0x00,0x00,0xF8,0x0F,0x00,0xF8,0x0F,0x00,0x88,0x00,0x00,0x88,0x00,0x00,0x88,0x00,0x00,0x88,	// 70
	0x00,0x00,0x00,0xF0,0x07,0x00,0x10,0x0C,0x00,0x08,0x08,0x00,0x88,0x08,0x00,0x90,0x08,0x00,0xB0,0x07,	// 71
	0x00,0x00,0x00,0xF8,0x0F,0x00,0x80,0x00,0x00,0x80,0x00,0x00,0x80,0x00,0x00,0x80,0x00,0x00,0xF8,0x0F,	// 72
	0x00,0x00,0x00,0x08,0x08,0x00,0x08,0x08,0x00,0xF8,0x0F,0x00,0xF8,0x0F,0x00,0x08,0x08,0x00,0x08,0x08,	// 73
	0x00,0x00,0x00,0x00,0x06,0x00,0x00,0x0E,0x00,0x08,0x08,0x00,0x08,0x08,0x00,0xF8,0x07,	// 74
	0x00,0x00,0x00,0xF8,0x0F,0x00,0x80,0x01,0x00,0x40,0x00,0x00,0xA0,0x01,0x00,0x10,0x06,0x00,0x08,0x0C,0x00,0x00,0x08,	// 75
	0x00,0x00,0x00,0x00,0x00,0x00,0xF8,0x0F,0x00,0x00,0x08,0x00,0x00,0x08,0x00,0x00,0x08,0x00,0x00,0x08,	// 76
	0x00,0x00,0x00,0xF8,0x0F,0x00,0x38,0x00,0x00,0xC0,0x01,0x00,0xC0,0x01,0x00,0x38,0x00,0x00,0xF8,0x0F,	// 77
	0x00,0x00,0x00,0xF8,0x0F,0x00,0x18,0x00,0x00,0xE0,0x00,0x00,0x80,0x03,0x00,0x00,0x0C,0x00,0xF8,0x0F,	// 78
	0x00,0x00,0x00,0xF0,0x07,0x00,0x18,0x0C,0x00,0x08,0x08,0x00,0x08,0x08,0x00,0x18,0x0C,0x00,0xF0,0x07,	// 79
	0x00,0x00,0x00,0xF8,0x0F,0x00,0x08,0x01,0x00,0x08,0x01,0x00,0x08,0x01,0x00,0x98,0x01,0x00,0xF0,	// 80
	0x00,0x00,0x00,0xF0,0x07,0x00,0x18,0x0C,0x00,0x08,0x08,0x00,0x08,0x18,0x00,0x18,0x2C,0x00,0xF0,0x27,	// 81
	0x00,0x00,0x00,0xF8,0x0F,0x00,0x88,0x00,0x00,0x88,0x00,0x00,0x88,0x01,0x00,0x88,0x06,0x00,0x70,0x0C,	// 82
	0x00,0x00,0x00,0x70,0x04,0x00,0x48,0x08,0x00,0x88,0x08,0x00,0x88,0x08,0x00,0x88,0x08,0x00,0x10,0x07,	// 83
	0x08,0x00,0x00,0x08,0x00,0x00,0x08,0x00,0x00,0xF8,0x0F,0x00,0xF8,0x0F,0x00,0x08,0x00,0x00,0x08,0x00,0x00,0x08,	// 84
	0x00,0x00,0x00,0xF8,0x07,0x00,0x00,0x0C,0x00,0x00,0x08,0x00,0x00,0x08,0x00,0x00,0x0C,0x00,0xF8,0x07,	// 85
	0x08,0x00,0x00,0x78,0x00,0x00,0xC0,0x03,0x00,0x00,0x0E,0x00,0x00,0x0E,0x00,0xC0,0x03,0x00,0x78,0x00,0x00,0x08,	// 86
	0x38,0x00,0x00,0xE0,0x0F,0x00,0x00,0x0E,0x00,0xE0,0x01,0x00,0xE0,0x01,0x00,0x00,0x0E,0x00,0xE0,0x0F,0x00,0x38,	// 87
	0x00,0x00,0x00,0x18,0x0C,0x00,0x30,0x06,0x00,0xC0,0x01,0x00,0xC0,0x01,0x00,0x30,0x06,0x00,0x18,0x0C,	// 88
	0x08,0x00,0x00,0x38,0x00,0x00,0x60,0x00,0x00,0x80,0x0F,0x00,0x80,0x0F,0x00,0xE0,0x00,0x00,0x38,0x00,0x00,0x08,	// 89
	0x00,0x08,0x00,0x08,0x0C,0x00,0x08,0x0B,0x00,0x88,0x09,0x00,0xC8,0x08,0x00,0x38,0x08,0x00,0x18,0x08,0x00,0x00,0x08,	// 90
	0x00,0x00,0x00,0x00,0x00,0x00,0x00,0x00,0x00,0xFC,0x7F,0x00,0x04,0x40,0x00,0x04,0x40,	// 91
	0x00,0x00,0x00,0x04,0x00,0x00,0x18,0x00,0x00,0x60,0x00,0x00,0x80,0x01,0x00,0x00,0x06,0x00,0x00,0x08,	// 92
	0x00,0x00,0x00,0x00,0x00,0x00,0x04,0x40,0x00,0x04,0x40,0x00,0xFC,0x7F,	// 93
	0x00,0x00,0x00,0x80,0x01,0x00,0x60,0x00,0x00,0x18,0x00,0x00,0x18,0x00,0x00,0xE0,0x00,0x00,0x80,0x01,	// 94
	0x00,0x20,0x00,0x00,0x20,0x00,0x00,0x20,0x00,0x00,0x20,0x00,0x00,0x20,0x00,0x00,0x20,0x00,0x00,0x20,0x00,0x00,0x20,	// 95
	0x00,0x00,0x00,0x00,0x00,0x00,0x00,0x00,0x00,0x04,0x00,0x00,0x08,	// 96
	0x00,0x00,0x00,0x40,0x0E,0x00,0x60,0x09,0x00,0x20,0x09,0x00,0x20,0x09,0x00,0xE0,0x07,0x00,0x80,0x0F,0x00,0x00,0x08,	// 97
	0x00,0x00,0x00,0xFC,0x0F,0x00,0xC0,0x06,0x00,0x20,0x08,0x00,0x20,0x08,0x00,0x60,0x0C,0x00,0xC0,0x07,	// 98
	0x00,0x00,0x00,0xC0,0x07,0x00,0x60,0x0C,0x00,0x20,0x08,0x00,0x20,0x08,0x00,0x60,0x0C,0x00,0x40,0x04,	// 99
	0x00,0x00,0x00,0xC0,0x07,0x00,0x60,0x0C,0x00,0x20,0x08,0x00,0x20,0x08,0x00,0x40,0x06,0x00,0xFC,0x0F,	// 100
	0x00,0x00,0x00,0xC0,0x07,0x00,0x60,0x0D,0x00,0x20,0x09,0x00,0x20,0x09,0x00,0x60,0x09,0x00,0xC0,0x05,	// 101
	0x00,0x00,0x00,0x20,0x00,0x00,0x20,0x00,0x00,0xFC,0x0F,0x00,0x24,0x00,0x00,0x24,0x00,0x00,0x24,	// 102
	0x00,0x00,0x00,0xC0,0x07,0x00,0x60,0x6C,0x00,0x20,0x48,0x00,0x20,0x48,0x00,0xC0,0x66,0x00,0xE0,0x3F,	// 103
	0x00,0x00,0x00,0xFC,0x0F,0x00,0x40,0x00,0x00,0x20,0x00,0x00,0x20,0x00,0x00,0x60,0x00,0x00,0xC0,0x0F,	// 104
	0x00,0x00,0x00,0x20,0x08,0x00,0x20,0x08,0x00,0x20,0x08,0x00,0xE4,0x0F,0x00,0x00,0x08,0x00,0x00,0x08,0x00,0x00,0x08,	// 105
	0x00,0x00,0x00,0x20,0x40,0x00,0x20,0x40,0x00,0x20,0x40,0x00,0xE4,0x7F,0x00,0xE4,0x0F,	// 106
	0x00,0x00,0x00,0x00,0x00,0x00,0xFC,0x0F,0x00,0x00,0x01,0x00,0xC0,0x03,0x00,0x60,0x04,0x00,0x20,0x08,	// 107
	0x00,0x00,0x00,0x00,0x08,0x00,0x04,0x08,0x00,0x04,0x08,0x00,0xFC,0x0F,0x00,0x00,0x08,0x00,0x00,0x08,	// 108
	0x00,0x00,0x00,0xE0,0x0F,0x00,0x20,0x00,0x00,0xE0,0x0F,0x00,0xC0,0x0F,0x00,0x20,0x00,0x00,0xE0,0x0F,	// 109
	0x00,0x00,0x00,0xE0,0x0F,0x00,0x40,0x00,0x00,0x20,0x00,0x00,0x20,0x00,0x00,0x60,0x00,0x00,0xC0,0x0F,	// 110
	0x00,0x00,0x00,0xC0,0x07,0x00,0x60,0x0C,0x00,0x20,0x08,0x00,0x20,0x08,0x00,0x60,0x0C,0x00,0xC0,0x07,	// 111
	0x00,0x00,0x00,0xE0,0x7F,0x00,0xC0,0x06,0x00,0x20,0x08,0x00,0x20,0x08,0x00,0x60,0x0C,0x00,0xC0,0x07,	// 112
	0x00,0x00,0x00,0xC0,0x07,0x00,0x60,0x0C,0x00,0x20,0x08,0x00,0x20,0x08,0x00,0xC0,0x06,0x00,0xE0,0x7F,	// 113
	0x00,0x00,0x00,0x00,0x00,0x00,0xE0,0x0F,0x00,0x40,0x00,0x00,0x20,0x00,0x00,0x20,0x00,0x00,0x20,	// 114
	0x00,0x00,0x00,0xC0,0x04,0x00,0xE0,0x08,0x00,0x20,0x09,0x00,0x20,0x09,0x00,0x60,0x09,0x00,0x40,0x06,	// 115
	0x00,0x00,0x00,0x20,0x00,0x00,0xF0,0x07,0x00,0xF8,0x0F,0x00,0x20,0x08,0x00,0x20,0x08,0x00,0x20,0x08,	// 116
	0x00,0x00,0x00,0xE0,0x07,0x00,0x00,0x0C,0x00,0x00,0x08,0x00,0x00,0x08,0x00,0x00,0x04,0x00,0xE0,0x0F,	// 117
	0x00,0x00,0x00,0xE0,0x00,0x00,0x80,0x03,0x00,0x00,0x0C,0x00,0x00,0x0C,0x00,0x80,0x03,0x00,0xE0,	// 118
	0x60,0x00,0x00,0xC0,0x0F,0x00,0x00,0x0E,0x00,0x80,0x01,0x00,0x80,0x03,0x00,0x00,0x0C,0x00,0xC0,0x0F,0x00,0x60,	// 119
	0x00,0x00,0x00,0x20,0x08,0x00,0x40,0x06,0x00,0x80,0x03,0x00,0x80,0x03,0x00,0x60,0x04,0x00,0x20,0x08,	// 120
	0x00,0x00,0x00,0x60,0x40,0x00,0x80,0x43,0x00,0x00,0x3E,0x00,0x00,0x0C,0x00,0x80,0x03,0x00,0xE0,	// 121
	0x00,0x00,0x00,0x20,0x0C,0x00,0x20,0x0E,0x00,0x20,0x0B,0x00,0xA0,0x09,0x00,0x60,0x08,0x00,0x20,0x08,	// 122
	0x00,0x00,0x00,0x00,0x01,0x00,0x00,0x01,0x00,0xF8,0x3E,0x00,0x0C,0x60,0x00,0x04,0x40,0x00,0x04,0x40,	// 123
	0x00,0x00,0x00,0x00,0x00,0x00,0x00,0x00,0x00,0xFC,0x7F,0x00,0xFC,0x7F,	// 124
	0x00,0x00,0x00,0x04,0x40,0x00,0x04,0x40,0x00,0x0C,0x60,0x00,0xF8,0x3E,0x00,0x00,0x01,0x00,0x00,0x01,	// 125
	0x00,0x00,0x00,0x40,0x00,0x00,0x40,0x00,0x00,0x40,0x00,0x00,0x80,0x00,0x00,0x80,0x00,0x00,0x80,	// 126
	0x00,0x00,0x00,0x80,0x0F,0x00,0x80,0x08,0x00,0x80,0x08,0x00,0x80,0x08,0x00,0x80,0x0F,	// 127
	0x00,0x00,0x00,0x80,0x0F,0x00,0x80,0x08,0x00,0x80,0x08,0x00,0x80,0x08,0x00,0x80,0x0F,	// 128
	0x00,0x00,0x00,0x80,0x0F,0x00,0x80,0x08,0x00,0x80,0x08,0x00,0x80,0x08,0x00,0x80,0x0F,	// 129
	0x00,0x00,0x00,0x80,0x0F,0x00,0x80,0x08,0x00,0x80,0x08,0x00,0x80,0x08,0x00,0x80,0x0F,	// 130
	0x00,0x00,0x00,0x80,0x0F,0x00,0x80,0x08,0x00,0x80,0x08,0x00,0x80,0x08,0x00,0x80,0x0F,	// 131
	0x00,0x00,0x00,0x80,0x0F,0x00,0x80,0x08,0x00,0x80,0x08,0x00,0x80,0x08,0x00,0x80,0x0F,	// 132
	0x00,0x00,0x00,0x80,0x0F,0x00,0x80,0x08,0x00,0x80,0x08,0x00,0x80,0x08,0x00,0x80,0x0F,	// 133
	0x00,0x00,0x00,0x80,0x0F,0x00,0x80,0x08,0x00,0x80,0x08,0x00,0x80,0x08,0x00,0x80,0x0F,	// 134
	0x00,0x00,0x00,0x80,0x0F,0x00,0x80,0x08,0x00,0x80,0x08,0x00,0x80,0x08,0x00,0x80,0x0F,	// 135
	0x00,0x00,0x00,0x80,0x0F,0x00,0x80,0x08,0x00,0x80,0x08,0x00,0x80,0x08,0x00,0x80,0x0F,	// 136
	0x00,0x00,0x00,0x80,0x0F,0x00,0x80,0x08,0x00,0x80,0x08,0x00,0x80,0x08,0x00,0x80,0x0F,	// 137
	0x00,0x00,0x00,0x80,0x0F,0x00,0x80,0x08,0x00,0x80,0x08,0x00,0x80,0x08,0x00,0x80,0x0F,	// 138
	0x00,0x00,0x00,0x80,0x0F,0x00,0x80,0x08,0x00,0x80,0x08,0x00,0x80,0x08,0x00,0x80,0x0F,	// 139
	0x00,0x00,0x00,0x80,0x0F,0x00,0x80,0x08,0x00,0x80,0x08,0x00,0x80,0x08,0x00,0x80,0x0F,	// 140
	0x00,0x00,0x00,0x80,0x0F,0x00,0x80,0x08,0x00,0x80,0x08,0x00,0x80,0x08,0x00,0x80,0x0F,	// 141
	0x00,0x00,0x00,0x80,0x0F,0x00,0x80,0x08,0x00,0x80,0x08,0x00,0x80,0x08,0x00,0x80,0x0F,	// 142
	0x00,0x00,0x00,0x80,0x0F,0x00,0x80,0x08,0x00,0x80,0x08,0x00,0x80,0x08,0x00,0x80,0x0F,	// 143
	0x00,0x00,0x00,0x80,0x0F,0x00,0x80,0x08,0x00,0x80,0x08,0x00,0x80,0x08,0x00,0x80,0x0F,	// 144
	0x00,0x00,0x00,0x80,0x0F,0x00,0x80,0x08,0x00,0x80,0x08,0x00,0x80,0x08,0x00,0x80,0x0F,	// 145
	0x00,0x00,0x00,0x80,0x0F,0x00,0x80,0x08,0x00,0x80,0x08,0x00,0x80,0x08,0x00,0x80,0x0F,	// 146
	0x00,0x00,0x00,0x80,0x0F,0x00,0x80,0x08,0x00,0x80,0x08,0x00,0x80,0x08,0x00,0x80,0x0F,	// 147
	0x00,0x00,0x00,0x80,0x0F,0x00,0x80,0x08,0x00,0x80,0x08,0x00,0x80,0x08,0x00,0x80,0x0F,	// 148
	0x00,0x00,0x00,0x80,0x0F,0x00,0x80,0x08,0x00,0x80,0x08,0x00,0x80,0x08,0x00,0x80,0x0F,	// 149
	0x00,0x00,0x00,0x80,0x0F,0x00,0x80,0x08,0x00,0x80,0x08,0x00,0x80,0x08,0x00,0x80,0x0F,	// 150
	0x00,0x00,0x00,0x80,0x0F,0x00,0x80,0x08,0x00,0x80,0x08,0x00,0x80,0x08,0x00,0x80,0x0F,	// 151
	0x00,0x00,0x00,0x80,0x0F,0x00,0x80,0x08,0x00,0x80,0x08,0x00,0x80,0x08,0x00,0x80,0x0F,	// 152
	0x00,0x00,0x00,0x80,0x0F,0x00,0x80,0x08,0x00,0x80,0x08,0x00,0x80,0x08,0x00,0x80,0x0F,	// 153
	0x00,0x00,0x00,0x80,0x0F,0x00,0x80,0x08,0x00,0x80,0x08,0x00,0x80,0x08,0x00,0x80,0x0F,	// 154
	0x00,0x00,0x00,0x80,0x0F,0x00,0x80,0x08,0x00,0x80,0x08,0x00,0x80,0x08,0x00,0x80,0x0F,	// 155
	0x00,0x00,0x00,0x80,0x0F,0x00,0x80,0x08,0x00,0x80,0x08,0x00,0x80,0x08,0x00,0x80,0x0F,	// 156
	0x00,0x00,0x00,0x80,0x0F,0x00,0x80,0x08,0x00,0x80,0x08,0x00,0x80,0x08,0x00,0x80,0x0F,	// 157
	0x00,0x00,0x00,0x80,0x0F,0x00,0x80,0x08,0x00,0x80,0x08,0x00,0x80,0x08,0x00,0x80,0x0F,	// 158
	0x00,0x00,0x00,0x80,0x0F,0x00,0x80,0x08,0x00,0x80,0x08,0x00,0x80,0x08,0x00,0x80,0x0F,	// 159
	0x00,0x00,0x00,0x00,0x00,0x00,0x00,0x00,0x00,0x20,0x3E,0x00,0x20,0x3F,	// 161
	0x00,0x00,0x00,0xE0,0x03,0x00,0x30,0x06,0x00,0x10,0x04,0x00,0x18,0x0C,0x00,0x10,0x04,0x00,0x20,0x02,	// 162
	0x80,0x08,0x00,0x80,0x0C,0x00,0xF0,0x0B,0x00,0x88,0x08,0x00,0x88,0x08,0x00,0x98,0x08,0x00,0x10,0x0C,0x00,0x00,0x04,	// 163
	0x00,0x00,0x00,0xD0,0x02,0x00,0x30,0x03,0x00,0x10,0x02,0x00,0x10,0x02,0x00,0x30,0x03,0x00,0xD0,0x02,	// 164
	0x00,0x00,0x00,0x98,0x02,0x00,0xB0,0x02,0x00,0xC0,0x0F,0x00,0xC0,0x0F,0x00,0xB0,0x02,0x00,0x98,0x02,0x00,0x08,	// 165
	0x00,0x00,0x00,0x00,0x00,0x00,0x00,0x00,0x00,0x7C,0x7C,0x00,0x7C,0x7C,	// 166
	0x00,0x00,0x00,0x88,0x08,0x00,0x7C,0x11,0x00,0x24,0x11,0x00,0x24,0x12,0x00,0x64,0x13,0x00,0xC8,0x0D,	// 167
	0x00,0x00,0x00,0x00,0x00,0x00,0x04,0x00,0x00,0x00,0x00,0x00,0x00,0x00,0x00,0x04,	// 168
	0xF0,0x03,0x00,0x08,0x04,0x00,0xE4,0x09,0x00,0x14,0x0A,0x00,0x14,0x0A,0x00,0x24,0x09,0x00,0x08,0x04,0x00,0xF0,0x03,	// 169
	0x00,0x00,0x00,0x40,0x00,0x00,0xA8,0x00,0x00,0xA8,0x00,0x00,0xA8,0x00,0x00,0xF0,0x00,0x00,0x80,	// 170
	0x00,0x00,0x00,0x00,0x01,0x00,0x80,0x02,0x00,0x40,0x04,0x00,0x00,0x01,0x00,0x80,0x02,0x00,0x40,0x04,	// 171
	0x00,0x00,0x00,0x80,0x00,0x00,0x80,0x00,0x00,0x80,0x00,0x00,0x80,0x00,0x00,0x80,0x00,0x00,0x80,0x07,	// 172
	0x00,0x00,0x00,0x00,0x00,0x00,0x00,0x01,0x00,0x00,0x01,0x00,0x00,0x01,0x00,0x00,0x01,	// 173
	0xF0,0x03,0x00,0x08,0x04,0x00,0xF4,0x0B,0x00,0x94,0x08,0x00,0x94,0x09,0x00,0x74,0x0A,0x00,0x08,0x04,0x00,0xF0,0x03,	// 174
	0x02,0x00,0x00,0x02,0x00,0x00,0x02,0x00,0x00,0x02,0x00,0x00,0x02,0x00,0x00,0x02,0x00,0x00,0x02,0x00,0x00,0x02,	// 175
	0x00,0x00,0x00,0x00,0x00,0x00,0x30,0x00,0x00,0x48,0x00,0x00,0x48,0x00,0x00,0x30,	// 176
	0x00,0x00,0x00,0x40,0x08,0x00,0x40,0x08,0x00,0x40,0x08,0x00,0xF8,0x0B,0x00,0x40,0x08,0x00,0x40,0x08,	// 177
	0x00,0x00,0x00,0x00,0x00,0x00,0x10,0x01,0x00,0x88,0x01,0x00,0x48,0x01,0x00,0x30,0x01,	// 178
	0x00,0x00,0x00,0x00,0x00,0x00,0x88,0x00,0x00,0x28,0x01,0x00,0x28,0x01,0x00,0xD8,	// 179
	0x00,0x00,0x00,0x00,0x00,0x00,0x00,0x00,0x00,0x08,0x00,0x00,0x04,	// 180
	0x00,0x00,0x00,0xE0,0x7F,0x00,0x00,0x0C,0x00,0x00,0x08,0x00,0x00,0x08,0x00,0x00,0x04,0x00,0xE0,0x0F,	// 181
	0x00,0x00,0x00,0x70,0x00,0x00,0xF8,0x00,0x00,0xF8,0x3F,0x00,0x08,0x00,0x00,0xF8,0x3F,0x00,0x08,	// 182
	0x00,0x00,0x00,0x00,0x00,0x00,0x00,0x00,0x00,0xC0,0x00,0x00,0xC0,	// 183
	0x00,0x00,0x00,0x00,0x50,0x00,0x00,0x70,	// 184
	0x00,0x00,0x00,0x00,0x00,0x00,0x10,0x01,0x00,0x08,0x01,0x00,0xF8,0x01,0x00,0x00,0x01,	// 185
	0x00,0x00,0x00,0x20,0x00,0x00,0xF8,0x00,0x00,0x88,0x00,0x00,0x88,0x00,0x00,0xF8,0x00,0x00,0x20,	// 186
	0x00,0x00,0x00,0x40,0x04,0x00,0x80,0x02,0x00,0x00,0x01,0x00,0x40,0x04,0x00,0xC0,0x06,0x00,0x80,0x03,	// 187
	0x90,0x00,0x00,0xF8,0x08,0x00,0x80,0x04,0x00,0x80,0x07,0x00,0x60,0x05,0x00,0x90,0x0F,0x00,0x08,0x04,	// 188
	0x90,0x00,0x00,0xF8,0x08,0x00,0x80,0x06,0x00,0x80,0x01,0x00,0x60,0x00,0x00,0x90,0x08,0x00,0x88,0x0C,0x00,0x80,0x0B,	// 189
	0x88,0x00,0x00,0xA8,0x08,0x00,0xF8,0x04,0x00,0x80,0x07,0x00,0x60,0x05,0x00,0x90,0x0F,0x00,0x08,0x04,	// 190
	0x00,0x00,0x00,0x00,0x1C,0x00,0x00,0x36,0x00,0x00,0x21,0x00,0xA0,0x21,0x00,0x00,0x30,0x00,0x00,0x18,	// 191
	0x00,0x08,0x00,0x00,0x07,0x00,0xE0,0x01,0x00,0x19,0x01,0x00,0x1A,0x01,0x00,0xE0,0x01,0x00,0x00,0x07,0x00,0x00,0x08,	// 192
	0x00,0x08,0x00,0x00,0x07,0x00,0xE0,0x01,0x00,0x18,0x01,0x00,0x1A,0x01,0x00,0xE1,0x01,0x00,0x00,0x07,0x00,0x00,0x08,	// 193
	0x00,0x08,0x00,0x00,0x07,0x00,0xE2,0x01,0x00,0x19,0x01,0x00,0x19,0x01,0x00,0xE2,0x01,0x00,0x00,0x07,0x00,0x00,0x08,	// 194
	0x00,0x08,0x00,0x00,0x07,0x00,0xE3,0x01,0x00,0x19,0x01,0x00,0x1A,0x01,0x00,0xE3,0x01,0x00,0x00,0x07,0x00,0x00,0x08,	// 195
	0x00,0x08,0x00,0x00,0x07,0x00,0xE2,0x01,0x00,0x18,0x01,0x00,0x18,0x01,0x00,0xE2,0x01,0x00,0x00,0x07,0x00,0x00,0x08,	// 196
	0x00,0x08,0x00,0x00,0x07,0x00,0xE4,0x01,0x00,0x1A,0x01,0x00,0x1A,0x01,0x00,0xE6,0x01,0x00,0x00,0x07,0x00,0x00,0x08,	// 197
	0x00,0x08,0x00,0x00,0x07,0x00,0xE0,0x01,0x00,0x18,0x01,0x00,0xF8,0x0F,0x00,0xF8,0x0F,0x00,0x88,0x08,0x00,0x88,0x08,	// 198
	0x00,0x00,0x00,0xF0,0x03,0x00,0x10,0x04,0x00,0x08,0x08,0x00,0x08,0x58,0x00,0x18,0x7C,0x00,0x30,0x06,	// 199
	0x00,0x00,0x00,0xF8,0x0F,0x00,0x88,0x08,0x00,0x89,0x08,0x00,0x8A,0x08,0x00,0x88,0x08,0x00,0x88,0x08,	// 200
	0x00,0x00,0x00,0xF8,0x0F,0x00,0x88,0x08,0x00,0x88,0x08,0x00,0x8A,0x08,0x00,0x89,0x08,0x00,0x88,0x08,	// 201
	0x00,0x00,0x00,0xF8,0x0F,0x00,0x8A,0x08,0x00,0x89,0x08,0x00,0x89,0x08,0x00,0x8A,0x08,0x00,0x88,0x08,	// 202
	0x00,0x00,0x00,0xF8,0x0F,0x00,0x8A,0x08,0x00,0x88,0x08,0x00,0x88,0x08,0x00,0x8A,0x08,0x00,0x88,0x08,	// 203
	0x00,0x00,0x00,0x08,0x08,0x00,0x08,0x08,0x00,0xF9,0x0F,0x00,0xFA,0x0F,0x00,0x08,0x08,0x00,0x08,0x08,	// 204
	0x00,0x00,0x00,0x08,0x08,0x00,0x08,0x08,0x00,0xF8,0x0F,0x00,0xFA,0x0F,0x00,0x09,0x08,0x00,0x08,0x08,	// 205
	0x00,0x00,0x00,0x08,0x08,0x00,0x0A,0x08,0x00,0xF9,0x0F,0x00,0xF9,0x0F,0x00,0x0A,0x08,0x00,0x08,0x08,	// 206
	0x00,0x00,0x00,0x08,0x08,0x00,0x0A,0x08,0x00,0xF8,0x0F,0x00,0xF8,0x0F,0x00,0x0A,0x08,0x00,0x08,0x08,	// 207
	0x80,0x00,0x00,0xF8,0x0F,0x00,0x88,0x08,0x00,0x88,0x08,0x00,0x08,0x08,0x00,0x10,0x0C,0x00,0xF0,0x07,	// 208
	0x00,0x00,0x00,0xF8,0x0F,0x00,0x1B,0x00,0x00,0xE1,0x00,0x00,0x82,0x03,0x00,0x03,0x0C,0x00,0xF8,0x0F,	// 209
	0x00,0x00,0x00,0xF0,0x07,0x00,0x18,0x0C,0x00,0x09,0x08,0x00,0x0A,0x08,0x00,0x18,0x0C,0x00,0xF0,0x07,	// 210
	0x00,0x00,0x00,0xF0,0x07,0x00,0x18,0x0C,0x00,0x08,0x08,0x00,0x0A,0x08,0x00,0x19,0x0C,0x00,0xF0,0x07,	// 211
	0x00,0x00,0x00,0xF0,0x07,0x00,0x1A,0x0C,0x00,0x09,0x08,0x00,0x09,0x08,0x00,0x1A,0x0C,0x00,0xF0,0x07,	// 212
	0x00,0x00,0x00,0xF0,0x07,0x00,0x1B,0x0C,0x00,0x09,0x08,0x00,0x0A,0x08,0x00,0x1B,0x0C,0x00,0xF0,0x07,	// 213
	0x00,0x00,0x00,0xF0,0x07,0x00,0x1A,0x0C,0x00,0x08,0x08,0x00,0x08,0x08,0x00,0x1A,0x0C,0x00,0xF0,0x07,	// 214
	0x00,0x00,0x00,0x20,0x02,0x00,0x60,0x03,0x00,0xC0,0x01,0x00,0xC0,0x01,0x00,0x60,0x03,0x00,0x20,0x02,	// 215
	0x00,0x08,0x00,0xF0,0x07,0x00,0x18,0x0E,0x00,0x88,0x09,0x00,0x48,0x08,0x00,0x38,0x0C,0x00,0xF8,0x07,	// 216
	0x00,0x00,0x00,0xF8,0x07,0x00,0x00,0x0C,0x00,0x01,0x08,0x00,0x02,0x08,0x00,0x00,0x0C,0x00,0xF8,0x07,	// 217
	0x00,0x00,0x00,0xF8,0x07,0x00,0x00,0x0C,0x00,0x00,0x08,0x00,0x02,0x08,0x00,0x01,0x0C,0x00,0xF8,0x07,	// 218
	0x00,0x00,0x00,0xF8,0x07,0x00,0x02,0x0C,0x00,0x01,0x08,0x00,0x01,0x08,0x00,0x02,0x0C,0x00,0xF8,0x07,	// 219
	0x00,0x00,0x00,0xF8,0x07,0x00,0x02,0x0C,0x00,0x00,0x08,0x00,0x00,0x08,0x00,0x02,0x0C,0x00,0xF8,0x07,	// 220
	0x08,0x00,0x00,0x38,0x00,0x00,0x60,0x00,0x00,0x80,0x0F,0x00,0x82,0x0F,0x00,0xE1,0x00,0x00,0x38,0x00,0x00,0x08,	// 221
	0x00,0x00,0x00,0xF8,0x0F,0x00,0x20,0x02,0x00,0x20,0x02,0x00,0x20,0x02,0x00,0x20,0x02,0x00,0xC0,0x01,	// 222
	0x00,0x00,0x00,0xF8,0x0F,0x00,0x0C,0x00,0x00,0x04,0x08,0x00,0xC4,0x08,0x00,0xBC,0x09,0x00,0x18,0x0F,0x00,0x00,0x06,	// 223
	0x00,0x00,0x00,0x40,0x0E,0x00,0x64,0x09,0x00,0x28,0x09,0x00,0x20,0x09,0x00,0xE0,0x07,0x00,0x80,0x0F,0x00,0x00,0x08,	// 224
	0x00,0x00,0x00,0x40,0x0E,0x00,0x60,0x09,0x00,0x20,0x09,0x00,0x28,0x09,0x00,0xE4,0x07,0x00,0x80,0x0F,0x00,0x00,0x08,	// 225
	0x00,0x00,0x00,0x40,0x0E,0x00,0x68,0x09,0x00,0x24,0x09,0x00,0x24,0x09,0x00,0xE8,0x07,0x00,0x80,0x0F,0x00,0x00,0x08,	// 226
	0x00,0x00,0x00,0x40,0x0E,0x00,0x6C,0x09,0x00,0x24,0x09,0x00,0x28,0x09,0x00,0xEC,0x07,0x00,0x80,0x0F,0x00,0x00,0x08,	// 227
	0x00,0x00,0x00,0x40,0x0E,0x00,0x68,0x09,0x00,0x20,0x09,0x00,0x20,0x09,0x00,0xE8,0x07,0x00,0x80,0x0F,0x00,0x00,0x08,	// 228
	0x00,0x00,0x00,0x40,0x0E,0x00,0x64,0x09,0x00,0x2A,0x09,0x00,0x2A,0x09,0x00,0xE4,0x07,0x00,0x80,0x0F,0x00,0x00,0x08,	// 229
	0x40,0x06,0x00,0x60,0x09,0x00,0x20,0x09,0x00,0xE0,0x07,0x00,0xE0,0x0D,0x00,0x20,0x09,0x00,0x60,0x09,0x00,0xC0,0x05,	// 230
	0x00,0x00,0x00,0xC0,0x07,0x00,0x60,0x0C,0x00,0x20,0x08,0x00,0x20,0x58,0x00,0x60,0x7C,0x00,0x40,0x04,	// 231
	0x00,0x00,0x00,0xC0,0x07,0x00,0x60,0x0D,0x00,0x24,0x09,0x00,0x28,0x09,0x00,0x60,0x09,0x00,0xC0,0x05,	// 232
	0x00,0x00,0x00,0xC0,0x07,0x00,0x60,0x0D,0x00,0x20,0x09,0x00,0x28,0x09,0x00,0x64,0x09,0x00,0xC0,0x05,	// 233
	0x00,0x00,0x00,0xC0,0x07,0x00,0x68,0x0D,0x00,0x24,0x09,0x00,0x24,0x09,0x00,0x68,0x09,0x00,0xC0,0x05,	// 234
	0x00,0x00,0x00,0xC0,0x07,0x00,0x68,0x0D,0x00,0x20,0x09,0x00,0x20,0x09,0x00,0x68,0x09,0x00,0xC0,0x05,	// 235
	0x00,0x00,0x00,0x20,0x08,0x00,0x24,0x08,0x00,0x28,0x08,0x00,0xE0,0x0F,0x00,0x00,0x08,0x00,0x00,0x08,0x00,0x00,0x08,	// 236
	0x00,0x00,0x00,0x20,0x08,0x00,0x20,0x08,0x00,0x20,0x08,0x00,0xE8,0x0F,0x00,0x04,0x08,0x00,0x00,0x08,0x00,0x00,0x08,	// 237
	0x00,0x00,0x00,0x28,0x08,0x00,0x24,0x08,0x00,0x24,0x08,0x00,0xE8,0x0F,0x00,0x00,0x08,0x00,0x00,0x08,0x00,0x00,0x08,	// 238
	0x00,0x00,0x00,0x28,0x08,0x00,0x20,0x08,0x00,0x20,0x08,0x00,0xE8,0x0F,0x00,0x00,0x08,0x00,0x00,0x08,0x00,0x00,0x08,	// 239
	0x00,0x00,0x00,0xC0,0x07,0x00,0x68,0x0C,0x00,0x2C,0x08,0x00,0x28,0x08,0x00,0x74,0x0C,0x00,0xE0,0x07,	// 240
	0x00,0x00,0x00,0xE0,0x0F,0x00,0x4C,0x00,0x00,0x24,0x00,0x00,0x28,0x00,0x00,0x6C,0x00,0x00,0xC0,0x0F,	// 241
	0x00,0x00,0x00,0xC0,0x07,0x00,0x60,0x0C,0x00,0x24,0x08,0x00,0x28,0x08,0x00,0x60,0x0C,0x00,0xC0,0x07,	// 242
	0x00,0x00,0x00,0xC0,0x07,0x00,0x60,0x0C,0x00,0x20,0x08,0x00,0x28,0x08,0x00,0x64,0x0C,0x00,0xC0,0x07,	// 243
	0x00,0x00,0x00,0xC0,0x07,0x00,0x68,0x0C,0x00,0x24,0x08,0x00,0x24,0x08,0x00,0x68,0x0C,0x00,0xC0,0x07,	// 244
	0x00,0x00,0x00,0xC0,0x07,0x00,0x6C,0x0C,0x00,0x24,0x08,0x00,0x28,0x08,0x00,0x6C,0x0C,0x00,0xC0,0x07,	// 245
	0x00,0x00,0x00,0xC0,0x07,0x00,0x68,0x0C,0x00,0x20,0x08,0x00,0x20,0x08,0x00,0x68,0x0C,0x00,0xC0,0x07,	// 246
	0x00,0x00,0x00,0x80,0x00,0x00,0x80,0x00,0x00,0x90,0x04,0x00,0x90,0x04,0x00,0x80,0x00,0x00,0x80,	// 247
	0x00,0x00,0x00,0xC0,0x0F,0x00,0x60,0x0C,0x00,0x20,0x0B,0x00,0xA0,0x08,0x00,0x60,0x0C,0x00,0xE0,0x07,	// 248
	0x00,0x00,0x00,0xE0,0x07,0x00,0x00,0x0C,0x00,0x04,0x08,0x00,0x08,0x08,0x00,0x00,0x04,0x00,0xE0,0x0F,	// 249
	0x00,0x00,0x00,0xE0,0x07,0x00,0x00,0x0C,0x00,0x00,0x08,0x00,0x08,0x08,0x00,0x04,0x04,0x00,0xE0,0x0F,	// 250
	0x00,0x00,0x00,0xE0,0x07,0x00,0x08,0x0C,0x00,0x04,0x08,0x00,0x04,0x08,0x00,0x08,0x04,0x00,0xE0,0x0F,	// 251
	0x00,0x00,0x00,0xE0,0x07,0x00,0x08,0x0C,0x00,0x00,0x08,0x00,0x00,0x08,0x00,0x08,0x04,0x00,0xE0,0x0F,	// 252
	0x00,0x00,0x00,0x60,0x40,0x00,0x80,0x43,0x00,0x00,0x3E,0x00,0x08,0x0C,0x00,0x84,0x03,0x00,0xE0,	// 253
	0x00,0x00,0x00,0xFC,0x7F,0x00,0xC0,0x06,0x00,0x20,0x08,0x00,0x20,0x08,0x00,0x60,0x0C,0x00,0xC0,0x07,	// 254
	0x00,0x00,0x00,0x60,0x40,0x00,0x88,0x43,0x00,0x00,0x3E,0x00,0x00,0x0C,0x00,0x88,0x03,0x00,0xE0	// 255
};

// Created by http://oleddisplay.squix.ch/ Consider a donation
// In case of problems make sure that you are using the font file with the correct version!
const uint8_t Cousine_Regular_16[] PROGMEM = {
	0x0A, // Width: 10
	0x13, // Height: 19
	0x20, // First Char: 32
	0xE0, // Numbers of Chars: 224

	// Jump Table:
	0xFF, 0xFF, 0x00, 0x0A,  // 32:65535
	0x00, 0x00, 0x11, 0x0A,  // 33:0
	0x00, 0x11, 0x16, 0x0A,  // 34:17
	0x00, 0x27, 0x1A, 0x0A,  // 35:39
	0x00, 0x41, 0x1A, 0x0A,  // 36:65
	0x00, 0x5B, 0x1D, 0x0A,  // 37:91
	0x00, 0x78, 0x1D, 0x0A,  // 38:120
	0x00, 0x95, 0x10, 0x0A,  // 39:149
	0x00, 0xA5, 0x15, 0x0A,  // 40:165
	0x00, 0xBA, 0x14, 0x0A,  // 41:186
	0x00, 0xCE, 0x16, 0x0A,  // 42:206
	0x00, 0xE4, 0x1A, 0x0A,  // 43:228
	0x00, 0xFE, 0x0E, 0x0A,  // 44:254
	0x01, 0x0C, 0x14, 0x0A,  // 45:268
	0x01, 0x20, 0x11, 0x0A,  // 46:288
	0x01, 0x31, 0x19, 0x0A,  // 47:305
	0x01, 0x4A, 0x1A, 0x0A,  // 48:330
	0x01, 0x64, 0x1A, 0x0A,  // 49:356
	0x01, 0x7E, 0x1A, 0x0A,  // 50:382
	0x01, 0x98, 0x1A, 0x0A,  // 51:408
	0x01, 0xB2, 0x1A, 0x0A,  // 52:434
	0x01, 0xCC, 0x1A, 0x0A,  // 53:460
	0x01, 0xE6, 0x1A, 0x0A,  // 54:486
	0x02, 0x00, 0x19, 0x0A,  // 55:512
	0x02, 0x19, 0x1A, 0x0A,  // 56:537
	0x02, 0x33, 0x1A, 0x0A,  // 57:563
	0x02, 0x4D, 0x11, 0x0A,  // 58:589
	0x02, 0x5E, 0x11, 0x0A,  // 59:606
	0x02, 0x6F, 0x1A, 0x0A,  // 60:623
	0x02, 0x89, 0x1A, 0x0A,  // 61:649
	0x02, 0xA3, 0x1A, 0x0A,  // 62:675
	0x02, 0xBD, 0x19, 0x0A,  // 63:701
	0x02, 0xD6, 0x1D, 0x0A,  // 64:726
	0x02, 0xF3, 0x1D, 0x0A,  // 65:755
	0x03, 0x10, 0x1A, 0x0A,  // 66:784
	0x03, 0x2A, 0x1A, 0x0A,  // 67:810
	0x03, 0x44, 0x1A, 0x0A,  // 68:836
	0x03, 0x5E, 0x1A, 0x0A,  // 69:862
	0x03, 0x78, 0x1A, 0x0A,  // 70:888
	0x03, 0x92, 0x1A, 0x0A,  // 71:914
	0x03, 0xAC, 0x1A, 0x0A,  // 72:940
	0x03, 0xC6, 0x17, 0x0A,  // 73:966
	0x03, 0xDD, 0x17, 0x0A,  // 74:989
	0x03, 0xF4, 0x1D, 0x0A,  // 75:1012
	0x04, 0x11, 0x1A, 0x0A,  // 76:1041
	0x04, 0x2B, 0x1A, 0x0A,  // 77:1067
	0x04, 0x45, 0x1A, 0x0A,  // 78:1093
	0x04, 0x5F, 0x1A, 0x0A,  // 79:1119
	0x04, 0x79, 0x19, 0x0A,  // 80:1145
	0x04, 0x92, 0x1B, 0x0A,  // 81:1170
	0x04, 0xAD, 0x1A, 0x0A,  // 82:1197
	0x04, 0xC7, 0x1A, 0x0A,  // 83:1223
	0x04, 0xE1, 0x19, 0x0A,  // 84:1249
	0x04, 0xFA, 0x1A, 0x0A,  // 85:1274
	0x05, 0x14, 0x1C, 0x0A,  // 86:1300
	0x05, 0x30, 0x1C, 0x0A,  // 87:1328
	0x05, 0x4C, 0x1A, 0x0A,  // 88:1356
	0x05, 0x66, 0x19, 0x0A,  // 89:1382
	0x05, 0x7F, 0x1A, 0x0A,  // 90:1407
	0x05, 0x99, 0x18, 0x0A,  // 91:1433
	0x05, 0xB1, 0x1A, 0x0A,  // 92:1457
	0x05, 0xCB, 0x15, 0x0A,  // 93:1483
	0x05, 0xE0, 0x1A, 0x0A,  // 94:1504
	0x05, 0xFA, 0x1D, 0x0A,  // 95:1530
	0x06, 0x17, 0x10, 0x0A,  // 96:1559
	0x06, 0x27, 0x1A, 0x0A,  // 97:1575
	0x06, 0x41, 0x1A, 0x0A,  // 98:1601
	0x06, 0x5B, 0x1A, 0x0A,  // 99:1627
	0x06, 0x75, 0x1A, 0x0A,  // 100:1653
	0x06, 0x8F, 0x1A, 0x0A,  // 101:1679
	0x06, 0xA9, 0x19, 0x0A,  // 102:1705
	0x06, 0xC2, 0x1A, 0x0A,  // 103:1730
	0x06, 0xDC, 0x17, 0x0A,  // 104:1756
	0x06, 0xF3, 0x1A, 0x0A,  // 105:1779
	0x07, 0x0D, 0x14, 0x0A,  // 106:1805
	0x07, 0x21, 0x1A, 0x0A,  // 107:1825
	0x07, 0x3B, 0x1A, 0x0A,  // 108:1851
	0x07, 0x55, 0x1A, 0x0A,  // 109:1877
	0x07, 0x6F, 0x1A, 0x0A,  // 110:1903
	0x07, 0x89, 0x1A, 0x0A,  // 111:1929
	0x07, 0xA3, 0x1A, 0x0A,  // 112:1955
	0x07, 0xBD, 0x1B, 0x0A,  // 113:1981
	0x07, 0xD8, 0x19, 0x0A,  // 114:2008
	0x07, 0xF1, 0x1A, 0x0A,  // 115:2033
	0x08, 0x0B, 0x17, 0x0A,  // 116:2059
	0x08, 0x22, 0x1A, 0x0A,  // 117:2082
	0x08, 0x3C, 0x19, 0x0A,  // 118:2108
	0x08, 0x55, 0x1C, 0x0A,  // 119:2133
	0x08, 0x71, 0x1A, 0x0A,  // 120:2161
	0x08, 0x8B, 0x19, 0x0A,  // 121:2187
	0x08, 0xA4, 0x1A, 0x0A,  // 122:2212
	0x08, 0xBE, 0x18, 0x0A,  // 123:2238
	0x08, 0xD6, 0x12, 0x0A,  // 124:2262
	0x08, 0xE8, 0x17, 0x0A,  // 125:2280
	0x08, 0xFF, 0x1A, 0x0A,  // 126:2303
	0x09, 0x19, 0x14, 0x0A,  // 127:2329
	0x09, 0x2D, 0x14, 0x0A,  // 128:2349
	0x09, 0x41, 0x14, 0x0A,  // 129:2369
	0x09, 0x55, 0x14, 0x0A,  // 130:2389
	0x09, 0x69, 0x14, 0x0A,  // 131:2409
	0x09, 0x7D, 0x14, 0x0A,  // 132:2429
	0x09, 0x91, 0x14, 0x0A,  // 133:2449
	0x09, 0xA5, 0x14, 0x0A,  // 134:2469
	0x09, 0xB9, 0x14, 0x0A,  // 135:2489
	0x09, 0xCD, 0x14, 0x0A,  // 136:2509
	0x09, 0xE1, 0x14, 0x0A,  // 137:2529
	0x09, 0xF5, 0x14, 0x0A,  // 138:2549
	0x0A, 0x09, 0x14, 0x0A,  // 139:2569
	0x0A, 0x1D, 0x14, 0x0A,  // 140:2589
	0x0A, 0x31, 0x14, 0x0A,  // 141:2609
	0x0A, 0x45, 0x14, 0x0A,  // 142:2629
	0x0A, 0x59, 0x14, 0x0A,  // 143:2649
	0x0A, 0x6D, 0x14, 0x0A,  // 144:2669
	0x0A, 0x81, 0x14, 0x0A,  // 145:2689
	0x0A, 0x95, 0x14, 0x0A,  // 146:2709
	0x0A, 0xA9, 0x14, 0x0A,  // 147:2729
	0x0A, 0xBD, 0x14, 0x0A,  // 148:2749
	0x0A, 0xD1, 0x14, 0x0A,  // 149:2769
	0x0A, 0xE5, 0x14, 0x0A,  // 150:2789
	0x0A, 0xF9, 0x14, 0x0A,  // 151:2809
	0x0B, 0x0D, 0x14, 0x0A,  // 152:2829
	0x0B, 0x21, 0x14, 0x0A,  // 153:2849
	0x0B, 0x35, 0x14, 0x0A,  // 154:2869
	0x0B, 0x49, 0x14, 0x0A,  // 155:2889
	0x0B, 0x5D, 0x14, 0x0A,  // 156:2909
	0x0B, 0x71, 0x14, 0x0A,  // 157:2929
	0x0B, 0x85, 0x14, 0x0A,  // 158:2949
	0x0B, 0x99, 0x14, 0x0A,  // 159:2969
	0xFF, 0xFF, 0x00, 0x0A,  // 160:65535
	0x0B, 0xAD, 0x11, 0x0A,  // 161:2989
	0x0B, 0xBE, 0x1A, 0x0A,  // 162:3006
	0x0B, 0xD8, 0x1A, 0x0A,  // 163:3032
	0x0B, 0xF2, 0x1A, 0x0A,  // 164:3058
	0x0C, 0x0C, 0x1A, 0x0A,  // 165:3084
	0x0C, 0x26, 0x12, 0x0A,  // 166:3110
	0x0C, 0x38, 0x1A, 0x0A,  // 167:3128
	0x0C, 0x52, 0x13, 0x0A,  // 168:3154
	0x0C, 0x65, 0x1D, 0x0A,  // 169:3173
	0x0C, 0x82, 0x17, 0x0A,  // 170:3202
	0x0C, 0x99, 0x1A, 0x0A,  // 171:3225
	0x0C, 0xB3, 0x1A, 0x0A,  // 172:3251
	0x0C, 0xCD, 0x14, 0x0A,  // 173:3277
	0x0C, 0xE1, 0x1D, 0x0A,  // 174:3297
	0x0C, 0xFE, 0x1C, 0x0A,  // 175:3326
	0x0D, 0x1A, 0x13, 0x0A,  // 176:3354
	0x0D, 0x2D, 0x1A, 0x0A,  // 177:3373
	0x0D, 0x47, 0x14, 0x0A,  // 178:3399
	0x0D, 0x5B, 0x14, 0x0A,  // 179:3419
	0x0D, 0x6F, 0x10, 0x0A,  // 180:3439
	0x0D, 0x7F, 0x1A, 0x0A,  // 181:3455
	0x0D, 0x99, 0x19, 0x0A,  // 182:3481
	0x0D, 0xB2, 0x11, 0x0A,  // 183:3506
	0x0D, 0xC3, 0x0C, 0x0A,  // 184:3523
	0x0D, 0xCF, 0x14, 0x0A,  // 185:3535
	0x0D, 0xE3, 0x16, 0x0A,  // 186:3555
	0x0D, 0xF9, 0x1A, 0x0A,  // 187:3577
	0x0E, 0x13, 0x1D, 0x0A,  // 188:3603
	0x0E, 0x30, 0x1A, 0x0A,  // 189:3632
	0x0E, 0x4A, 0x1D, 0x0A,  // 190:3658
	0x0E, 0x67, 0x1A, 0x0A,  // 191:3687
	0x0E, 0x81, 0x1D, 0x0A,  // 192:3713
	0x0E, 0x9E, 0x1D, 0x0A,  // 193:3742
	0x0E, 0xBB, 0x1D, 0x0A,  // 194:3771
	0x0E, 0xD8, 0x1D, 0x0A,  // 195:3800
	0x0E, 0xF5, 0x1D, 0x0A,  // 196:3829
	0x0F, 0x12, 0x1D, 0x0A,  // 197:3858
	0x0F, 0x2F, 0x1D, 0x0A,  // 198:3887
	0x0F, 0x4C, 0x1A, 0x0A,  // 199:3916
	0x0F, 0x66, 0x1A, 0x0A,  // 200:3942
	0x0F, 0x80, 0x1A, 0x0A,  // 201:3968
	0x0F, 0x9A, 0x1A, 0x0A,  // 202:3994
	0x0F, 0xB4, 0x1A, 0x0A,  // 203:4020
	0x0F, 0xCE, 0x17, 0x0A,  // 204:4046
	0x0F, 0xE5, 0x17, 0x0A,  // 205:4069
	0x0F, 0xFC, 0x17, 0x0A,  // 206:4092
	0x10, 0x13, 0x17, 0x0A,  // 207:4115
	0x10, 0x2A, 0x1A, 0x0A,  // 208:4138
	0x10, 0x44, 0x1A, 0x0A,  // 209:4164
	0x10, 0x5E, 0x1A, 0x0A,  // 210:4190
	0x10, 0x78, 0x1A, 0x0A,  // 211:4216
	0x10, 0x92, 0x1A, 0x0A,  // 212:4242
	0x10, 0xAC, 0x1A, 0x0A,  // 213:4268
	0x10, 0xC6, 0x1A, 0x0A,  // 214:4294
	0x10, 0xE0, 0x17, 0x0A,  // 215:4320
	0x10, 0xF7, 0x1A, 0x0A,  // 216:4343
	0x11, 0x11, 0x1A, 0x0A,  // 217:4369
	0x11, 0x2B, 0x1A, 0x0A,  // 218:4395
	0x11, 0x45, 0x1A, 0x0A,  // 219:4421
	0x11, 0x5F, 0x1A, 0x0A,  // 220:4447
	0x11, 0x79, 0x19, 0x0A,  // 221:4473
	0x11, 0x92, 0x1A, 0x0A,  // 222:4498
	0x11, 0xAC, 0x1A, 0x0A,  // 223:4524
	0x11, 0xC6, 0x1A, 0x0A,  // 224:4550
	0x11, 0xE0, 0x1A, 0x0A,  // 225:4576
	0x11, 0xFA, 0x1A, 0x0A,  // 226:4602
	0x12, 0x14, 0x1A, 0x0A,  // 227:4628
	0x12, 0x2E, 0x1A, 0x0A,  // 228:4654
	0x12, 0x48, 0x1A, 0x0A,  // 229:4680
	0x12, 0x62, 0x1D, 0x0A,  // 230:4706
	0x12, 0x7F, 0x1A, 0x0A,  // 231:4735
	0x12, 0x99, 0x1A, 0x0A,  // 232:4761
	0x12, 0xB3, 0x1A, 0x0A,  // 233:4787
	0x12, 0xCD, 0x1A, 0x0A,  // 234:4813
	0x12, 0xE7, 0x1A, 0x0A,  // 235:4839
	0x13, 0x01, 0x1A, 0x0A,  // 236:4865
	0x13, 0x1B, 0x1A, 0x0A,  // 237:4891
	0x13, 0x35, 0x1A, 0x0A,  // 238:4917
	0x13, 0x4F, 0x1A, 0x0A,  // 239:4943
	0x13, 0x69, 0x1A, 0x0A,  // 240:4969
	0x13, 0x83, 0x1A, 0x0A,  // 241:4995
	0x13, 0x9D, 0x1A, 0x0A,  // 242:5021
	0x13, 0xB7, 0x1A, 0x0A,  // 243:5047
	0x13, 0xD1, 0x1A, 0x0A,  // 244:5073
	0x13, 0xEB, 0x1A, 0x0A,  // 245:5099
	0x14, 0x05, 0x1A, 0x0A,  // 246:5125
	0x14, 0x1F, 0x1A, 0x0A,  // 247:5151
	0x14, 0x39, 0x1A, 0x0A,  // 248:5177
	0x14, 0x53, 0x1A, 0x0A,  // 249:5203
	0x14, 0x6D, 0x1A, 0x0A,  // 250:5229
	0x14, 0x87, 0x1A, 0x0A,  // 251:5255
	0x14, 0xA1, 0x1A, 0x0A,  // 252:5281
	0x14, 0xBB, 0x19, 0x0A,  // 253:5307
	0x14, 0xD4, 0x1A, 0x0A,  // 254:5332
	0x14, 0xEE, 0x19, 0x0A,  // 255:5358

	// Font Data:
	0x00,0x00,0x00,0x00,0x00,0x00,0x00,0x00,0x00,0x00,0x00,0x00,0xF8,0x37,0x00,0xF8,0x37,	// 33
	0x00,0x00,0x00,0x00,0x00,0x00,0x3C,0x00,0x00,0x7C,0x00,0x00,0x00,0x00,0x00,0x00,0x00,0x00,0x7C,0x00,0x00,0x3C,	// 34
	0x00,0x04,0x00,0x40,0x24,0x00,0x40,0x1F,0x00,0xF0,0x04,0x00,0x48,0x04,0x00,0x40,0x34,0x00,0x40,0x0F,0x00,0xF8,0x04,0x00,0x40,0x04,	// 35
	0x00,0x00,0x00,0xF0,0x18,0x00,0x98,0x30,0x00,0x08,0x21,0x00,0x08,0x21,0x00,0xFC,0x7F,0x00,0x08,0x23,0x00,0x18,0x32,0x00,0x30,0x1E,	// 36
	0x70,0x00,0x00,0x88,0x20,0x00,0x88,0x18,0x00,0xD8,0x04,0x00,0x70,0x03,0x00,0x80,0x1D,0x00,0x40,0x36,0x00,0x30,0x22,0x00,0x08,0x22,0x00,0x00,0x1C,	// 37
	0x00,0x0C,0x00,0x00,0x1F,0x00,0x70,0x21,0x00,0x98,0x21,0x00,0x88,0x26,0x00,0xC8,0x38,0x00,0x78,0x10,0x00,0x20,0x3E,0x00,0x00,0x21,0x00,0x00,0x20,	// 38
	0x00,0x00,0x00,0x00,0x00,0x00,0x00,0x00,0x00,0x00,0x00,0x00,0x7C,0x00,0x00,0x7C,	// 39
	0x00,0x00,0x00,0x00,0x00,0x00,0x00,0x00,0x00,0xE0,0x3F,0x00,0x70,0x70,0x00,0x0C,0x80,0x01,0x04,0x00,0x01,	// 40
	0x00,0x00,0x00,0x00,0x00,0x00,0x00,0x00,0x00,0x04,0x00,0x01,0x0C,0x80,0x01,0x70,0x70,0x00,0xE0,0x3F,	// 41
	0x00,0x00,0x00,0x00,0x00,0x00,0x08,0x00,0x00,0x90,0x01,0x00,0x7C,0x00,0x00,0x60,0x00,0x00,0x90,0x01,0x00,0x08,	// 42
	0x00,0x00,0x00,0x00,0x01,0x00,0x00,0x01,0x00,0x00,0x01,0x00,0xE0,0x0F,0x00,0xE0,0x0F,0x00,0x00,0x01,0x00,0x00,0x01,0x00,0x00,0x01,	// 43
	0x00,0x00,0x00,0x00,0x00,0x00,0x00,0x80,0x00,0x00,0x70,0x00,0x00,0x30,	// 44
	0x00,0x00,0x00,0x00,0x00,0x00,0x00,0x00,0x00,0x00,0x02,0x00,0x00,0x02,0x00,0x00,0x02,0x00,0x00,0x02,	// 45
	0x00,0x00,0x00,0x00,0x00,0x00,0x00,0x00,0x00,0x00,0x00,0x00,0x00,0x30,0x00,0x00,0x30,	// 46
	0x00,0x00,0x00,0x00,0x20,0x00,0x00,0x38,0x00,0x00,0x0E,0x00,0x00,0x03,0x00,0xC0,0x00,0x00,0x70,0x00,0x00,0x1C,0x00,0x00,0x04,	// 47
	0x00,0x00,0x00,0xE0,0x0F,0x00,0x70,0x1C,0x00,0x18,0x30,0x00,0x88,0x21,0x00,0x88,0x21,0x00,0x18,0x30,0x00,0xF0,0x1E,0x00,0xE0,0x0F,	// 48
	0x00,0x00,0x00,0x20,0x20,0x00,0x20,0x20,0x00,0x30,0x20,0x00,0x10,0x20,0x00,0xF8,0x3F,0x00,0x00,0x20,0x00,0x00,0x20,0x00,0x00,0x20,	// 49
	0x00,0x00,0x00,0x20,0x30,0x00,0x30,0x38,0x00,0x18,0x2C,0x00,0x08,0x26,0x00,0x08,0x22,0x00,0x18,0x21,0x00,0xF0,0x20,0x00,0x60,0x20,	// 50
	0x00,0x00,0x00,0x20,0x08,0x00,0x30,0x18,0x00,0x18,0x20,0x00,0x08,0x21,0x00,0x08,0x21,0x00,0x98,0x22,0x00,0xF0,0x1E,0x00,0x60,0x1C,	// 51
	0x00,0x00,0x00,0x00,0x06,0x00,0x00,0x05,0x00,0xC0,0x04,0x00,0x60,0x04,0x00,0x10,0x04,0x00,0xF8,0x3F,0x00,0xF8,0x3F,0x00,0x00,0x04,	// 52
	0x00,0x00,0x00,0x80,0x09,0x00,0xF8,0x19,0x00,0x88,0x20,0x00,0x88,0x20,0x00,0x88,0x20,0x00,0x88,0x31,0x00,0x08,0x1F,0x00,0x00,0x0E,	// 53
	0x00,0x00,0x00,0xC0,0x07,0x00,0xF0,0x1F,0x00,0x18,0x31,0x00,0x88,0x20,0x00,0x88,0x20,0x00,0x88,0x20,0x00,0x18,0x1F,0x00,0x00,0x0E,	// 54
	0x00,0x00,0x00,0x08,0x00,0x00,0x08,0x00,0x00,0x08,0x30,0x00,0x08,0x3E,0x00,0x88,0x03,0x00,0xE8,0x00,0x00,0x38,0x00,0x00,0x08,	// 55
	0x00,0x00,0x00,0x60,0x0C,0x00,0xF0,0x1E,0x00,0x08,0x21,0x00,0x08,0x21,0x00,0x08,0x21,0x00,0x08,0x21,0x00,0xF0,0x1E,0x00,0x60,0x0C,	// 56
	0x00,0x00,0x00,0xE0,0x10,0x00,0xF0,0x31,0x00,0x18,0x22,0x00,0x08,0x22,0x00,0x08,0x22,0x00,0x18,0x31,0x00,0xF0,0x1F,0x00,0xC0,0x07,	// 57
	0x00,0x00,0x00,0x00,0x00,0x00,0x00,0x00,0x00,0x00,0x00,0x00,0x60,0x30,0x00,0x60,0x30,	// 58
	0x00,0x00,0x00,0x00,0x00,0x00,0x00,0x00,0x00,0x00,0xC0,0x00,0x60,0x70,0x00,0x60,0x10,	// 59
	0x00,0x00,0x00,0x00,0x01,0x00,0x80,0x02,0x00,0x80,0x02,0x00,0x80,0x02,0x00,0x40,0x04,0x00,0x40,0x04,0x00,0x40,0x04,0x00,0x20,0x08,	// 60
	0x00,0x00,0x00,0x80,0x04,0x00,0x80,0x04,0x00,0x80,0x04,0x00,0x80,0x04,0x00,0x80,0x04,0x00,0x80,0x04,0x00,0x80,0x04,0x00,0x80,0x04,	// 61
	0x00,0x00,0x00,0x20,0x08,0x00,0x40,0x04,0x00,0x40,0x04,0x00,0x40,0x04,0x00,0x80,0x02,0x00,0x80,0x02,0x00,0x80,0x02,0x00,0x00,0x01,	// 62
	0x00,0x00,0x00,0x30,0x00,0x00,0x18,0x00,0x00,0x08,0x00,0x00,0x08,0x36,0x00,0x08,0x03,0x00,0x18,0x01,0x00,0xF0,0x00,0x00,0x60,	// 63
	0x00,0x0F,0x00,0xE0,0x30,0x00,0x18,0x47,0x00,0xCC,0x88,0x00,0x24,0x88,0x00,0x24,0x84,0x00,0xC4,0x8F,0x00,0x68,0x48,0x00,0x38,0x06,0x00,0xC0,0x01,	// 64
	0x00,0x20,0x00,0x00,0x3C,0x00,0x80,0x0F,0x00,0xE0,0x05,0x00,0x38,0x04,0x00,0x38,0x04,0x00,0xE0,0x05,0x00,0x80,0x0F,0x00,0x00,0x3C,0x00,0x00,0x20,	// 65
	0x00,0x00,0x00,0xF8,0x3F,0x00,0xF8,0x3F,0x00,0x08,0x21,0x00,0x08,0x21,0x00,0x08,0x21,0x00,0x18,0x21,0x00,0xF0,0x32,0x00,0x60,0x1E,	// 66
	0x00,0x00,0x00,0xE0,0x0F,0x00,0xF0,0x1E,0x00,0x18,0x30,0x00,0x08,0x20,0x00,0x08,0x20,0x00,0x18,0x20,0x00,0x10,0x10,0x00,0x30,0x18,	// 67
	0x00,0x00,0x00,0xF8,0x3F,0x00,0xF8,0x3F,0x00,0x08,0x20,0x00,0x08,0x20,0x00,0x08,0x20,0x00,0x18,0x30,0x00,0x70,0x1C,0x00,0xE0,0x0F,	// 68
	0x00,0x00,0x00,0xF8,0x3F,0x00,0xF8,0x3F,0x00,0x08,0x21,0x00,0x08,0x21,0x00,0x08,0x21,0x00,0x08,0x21,0x00,0x08,0x21,0x00,0x08,0x20,	// 69
	0x00,0x00,0x00,0x00,0x00,0x00,0xF8,0x3F,0x00,0x08,0x01,0x00,0x08,0x01,0x00,0x08,0x01,0x00,0x08,0x01,0x00,0x08,0x01,0x00,0x08,0x01,	// 70
	0x00,0x00,0x00,0xE0,0x0F,0x00,0xF0,0x1E,0x00,0x10,0x30,0x00,0x08,0x20,0x00,0x08,0x21,0x00,0x18,0x21,0x00,0x30,0x3F,0x00,0x20,0x1F,	// 71
	0x00,0x00,0x00,0xF8,0x3F,0x00,0xF8,0x3F,0x00,0x00,0x01,0x00,0x00,0x01,0x00,0x00,0x01,0x00,0x00,0x01,0x00,0xF8,0x3F,0x00,0xF8,0x3F,	// 72
	0x00,0x00,0x00,0x00,0x00,0x00,0x08,0x20,0x00,0x08,0x20,0x00,0xF8,0x3F,0x00,0xF8,0x3F,0x00,0x08,0x20,0x00,0x08,0x20,	// 73
	0x00,0x00,0x00,0x00,0x08,0x00,0x00,0x18,0x00,0x00,0x30,0x00,0x08,0x20,0x00,0x08,0x20,0x00,0x08,0x38,0x00,0xF8,0x1F,	// 74
	0x00,0x00,0x00,0xF8,0x3F,0x00,0xF8,0x3F,0x00,0x00,0x01,0x00,0x80,0x01,0x00,0x40,0x03,0x00,0x30,0x0E,0x00,0x18,0x18,0x00,0x08,0x30,0x00,0x00,0x20,	// 75
	0x00,0x00,0x00,0x00,0x00,0x00,0xF8,0x3F,0x00,0x00,0x20,0x00,0x00,0x20,0x00,0x00,0x20,0x00,0x00,0x20,0x00,0x00,0x20,0x00,0x00,0x20,	// 76
	0x00,0x00,0x00,0xF8,0x3F,0x00,0x18,0x00,0x00,0xE0,0x00,0x00,0x00,0x03,0x00,0x00,0x03,0x00,0xE0,0x00,0x00,0x18,0x00,0x00,0xF8,0x3F,	// 77
	0x00,0x00,0x00,0xF8,0x3F,0x00,0xF8,0x3F,0x00,0x70,0x00,0x00,0xC0,0x01,0x00,0x00,0x07,0x00,0x00,0x18,0x00,0xF8,0x3F,0x00,0xF8,0x3F,	// 78
	0x00,0x00,0x00,0xE0,0x0F,0x00,0x70,0x1C,0x00,0x18,0x30,0x00,0x08,0x20,0x00,0x08,0x20,0x00,0x18,0x30,0x00,0x70,0x1C,0x00,0xE0,0x0F,	// 79
	0x00,0x00,0x00,0xF8,0x3F,0x00,0xF8,0x3F,0x00,0x08,0x02,0x00,0x08,0x02,0x00,0x08,0x02,0x00,0x08,0x03,0x00,0xB0,0x01,0x00,0xF0,	// 80
	0x00,0x00,0x00,0xE0,0x0F,0x00,0x70,0x1C,0x00,0x18,0x30,0x00,0x08,0x20,0x00,0x08,0xE0,0x00,0x18,0xB0,0x01,0x70,0x1C,0x01,0xE0,0x0F,0x01,	// 81
	0x00,0x00,0x00,0xF8,0x3F,0x00,0xF8,0x3F,0x00,0x08,0x01,0x00,0x08,0x01,0x00,0x08,0x03,0x00,0x08,0x0F,0x00,0x98,0x19,0x00,0xF0,0x30,	// 82
	0x00,0x00,0x00,0x60,0x18,0x00,0xF0,0x30,0x00,0x88,0x21,0x00,0x88,0x21,0x00,0x08,0x21,0x00,0x08,0x21,0x00,0x30,0x33,0x00,0x20,0x1E,	// 83
	0x00,0x00,0x00,0x08,0x00,0x00,0x08,0x00,0x00,0x08,0x00,0x00,0xF8,0x3F,0x00,0xF8,0x3F,0x00,0x08,0x00,0x00,0x08,0x00,0x00,0x08,	// 84
	0x00,0x00,0x00,0xF8,0x0F,0x00,0xF8,0x1F,0x00,0x00,0x30,0x00,0x00,0x20,0x00,0x00,0x20,0x00,0x00,0x30,0x00,0xF8,0x1F,0x00,0xF8,0x0F,	// 85
	0x08,0x00,0x00,0x78,0x00,0x00,0xE0,0x01,0x00,0x00,0x0F,0x00,0x00,0x38,0x00,0x00,0x38,0x00,0x00,0x0F,0x00,0xE0,0x01,0x00,0x78,0x00,0x00,0x08,	// 86
	0x38,0x00,0x00,0xF8,0x0F,0x00,0x00,0x38,0x00,0x00,0x3E,0x00,0xC0,0x03,0x00,0xC0,0x03,0x00,0x00,0x3E,0x00,0x00,0x38,0x00,0xF8,0x0F,0x00,0x38,	// 87
	0x00,0x00,0x00,0x08,0x30,0x00,0x38,0x18,0x00,0x60,0x0E,0x00,0xC0,0x03,0x00,0xC0,0x03,0x00,0x60,0x0E,0x00,0x38,0x18,0x00,0x08,0x30,	// 88
	0x00,0x00,0x00,0x18,0x00,0x00,0x30,0x00,0x00,0xE0,0x00,0x00,0x80,0x3F,0x00,0x80,0x3F,0x00,0xE0,0x00,0x00,0x30,0x00,0x00,0x18,	// 89
	0x00,0x00,0x00,0x08,0x30,0x00,0x08,0x2C,0x00,0x08,0x26,0x00,0x08,0x23,0x00,0x88,0x21,0x00,0x68,0x20,0x00,0x38,0x20,0x00,0x18,0x20,	// 90
	0x00,0x00,0x00,0x00,0x00,0x00,0x00,0x00,0x00,0xFC,0xFF,0x01,0xFC,0xFF,0x01,0x04,0x00,0x01,0x04,0x00,0x01,0x04,0x00,0x01,	// 91
	0x00,0x00,0x00,0x04,0x00,0x00,0x1C,0x00,0x00,0x70,0x00,0x00,0xC0,0x00,0x00,0x00,0x03,0x00,0x00,0x0E,0x00,0x00,0x38,0x00,0x00,0x20,	// 92
	0x00,0x00,0x00,0x00,0x00,0x00,0x04,0x00,0x01,0x04,0x00,0x01,0x04,0x00,0x01,0xFC,0xFF,0x01,0xFC,0xFF,0x01,	// 93
	0x00,0x00,0x00,0x00,0x02,0x00,0x80,0x01,0x00,0x60,0x00,0x00,0x18,0x00,0x00,0x18,0x00,0x00,0x60,0x00,0x00,0x80,0x03,0x00,0x00,0x02,	// 94
	0x00,0x80,0x00,0x00,0x80,0x00,0x00,0x80,0x00,0x00,0x80,0x00,0x00,0x80,0x00,0x00,0x80,0x00,0x00,0x80,0x00,0x00,0x80,0x00,0x00,0x80,0x00,0x00,0x80,	// 95
	0x00,0x00,0x00,0x00,0x00,0x00,0x00,0x00,0x00,0x02,0x00,0x00,0x06,0x00,0x00,0x0C,	// 96
	0x00,0x00,0x00,0x00,0x1C,0x00,0x60,0x3E,0x00,0x20,0x22,0x00,0x20,0x22,0x00,0x20,0x22,0x00,0x60,0x12,0x00,0xC0,0x3F,0x00,0x00,0x20,	// 97
	0x00,0x00,0x00,0xFC,0x3F,0x00,0xFC,0x3F,0x00,0x40,0x10,0x00,0x20,0x20,0x00,0x20,0x20,0x00,0x20,0x20,0x00,0xC0,0x1F,0x00,0x80,0x0F,	// 98
	0x00,0x00,0x00,0x80,0x0F,0x00,0xC0,0x1F,0x00,0x60,0x30,0x00,0x20,0x20,0x00,0x20,0x20,0x00,0x20,0x20,0x00,0x60,0x30,0x00,0x40,0x10,	// 99
	0x00,0x00,0x00,0x80,0x0F,0x00,0xC0,0x1F,0x00,0x20,0x20,0x00,0x20,0x20,0x00,0x20,0x20,0x00,0x40,0x10,0x00,0xFC,0x3F,0x00,0x00,0x20,	// 100
	0x00,0x00,0x00,0x80,0x0F,0x00,0xC0,0x1F,0x00,0x60,0x32,0x00,0x20,0x22,0x00,0x20,0x22,0x00,0x60,0x22,0x00,0xC0,0x13,0x00,0x80,0x13,	// 101
	0x00,0x00,0x00,0x20,0x00,0x00,0x20,0x00,0x00,0xF8,0x3F,0x00,0xFC,0x3F,0x00,0x24,0x00,0x00,0x24,0x00,0x00,0x24,0x00,0x00,0x24,	// 102
	0x00,0x00,0x00,0x80,0x0F,0x00,0xC0,0xBF,0x00,0x20,0x20,0x01,0x20,0x20,0x01,0x20,0x20,0x01,0x40,0x90,0x01,0xE0,0xFF,0x00,0xE0,0x3F,	// 103
	0x00,0x00,0x00,0xFC,0x3F,0x00,0xFC,0x3F,0x00,0x40,0x00,0x00,0x20,0x00,0x00,0x20,0x00,0x00,0x20,0x00,0x00,0xC0,0x3F,	// 104
	0x00,0x00,0x00,0x00,0x20,0x00,0x20,0x20,0x00,0x20,0x20,0x00,0x2C,0x20,0x00,0xEC,0x3F,0x00,0x00,0x20,0x00,0x00,0x20,0x00,0x00,0x20,	// 105
	0x00,0x00,0x00,0x00,0x00,0x01,0x20,0x00,0x01,0x20,0x00,0x01,0x20,0x00,0x01,0xEC,0xFF,0x00,0xEC,0x7F,	// 106
	0x00,0x00,0x00,0x00,0x00,0x00,0xFC,0x3F,0x00,0x00,0x02,0x00,0x00,0x03,0x00,0x80,0x07,0x00,0xC0,0x1C,0x00,0x60,0x30,0x00,0x20,0x20,	// 107
	0x00,0x00,0x00,0x00,0x20,0x00,0x04,0x20,0x00,0x04,0x20,0x00,0x04,0x20,0x00,0xFC,0x3F,0x00,0x00,0x20,0x00,0x00,0x20,0x00,0x00,0x20,	// 108
	0x00,0x00,0x00,0xE0,0x3F,0x00,0x40,0x00,0x00,0x20,0x00,0x00,0xE0,0x3F,0x00,0xC0,0x3F,0x00,0x20,0x00,0x00,0x20,0x00,0x00,0xE0,0x3F,	// 109
	0x00,0x00,0x00,0xE0,0x3F,0x00,0xE0,0x3F,0x00,0x40,0x00,0x00,0x20,0x00,0x00,0x20,0x00,0x00,0x20,0x00,0x00,0xE0,0x3F,0x00,0x80,0x3F,	// 110
	0x00,0x00,0x00,0x80,0x0F,0x00,0xC0,0x1F,0x00,0x60,0x30,0x00,0x20,0x20,0x00,0x20,0x20,0x00,0x20,0x30,0x00,0xC0,0x1F,0x00,0x80,0x0F,	// 111
	0x00,0x00,0x00,0xE0,0xFF,0x01,0xE0,0xFF,0x01,0x40,0x10,0x00,0x20,0x20,0x00,0x20,0x20,0x00,0x20,0x20,0x00,0xC0,0x1F,0x00,0x80,0x0F,	// 112
	0x00,0x00,0x00,0x80,0x0F,0x00,0xC0,0x1F,0x00,0x20,0x20,0x00,0x20,0x20,0x00,0x20,0x20,0x00,0x40,0x10,0x00,0xE0,0xFF,0x01,0xE0,0xFF,0x01,	// 113
	0x00,0x00,0x00,0x00,0x00,0x00,0xE0,0x3F,0x00,0xC0,0x3F,0x00,0x40,0x00,0x00,0x60,0x00,0x00,0x20,0x00,0x00,0x20,0x00,0x00,0x20,	// 114
	0x00,0x00,0x00,0x00,0x10,0x00,0xC0,0x31,0x00,0x20,0x23,0x00,0x20,0x22,0x00,0x20,0x22,0x00,0x20,0x22,0x00,0x40,0x1E,0x00,0x00,0x08,	// 115
	0x00,0x00,0x00,0x00,0x00,0x00,0x20,0x00,0x00,0xF8,0x1F,0x00,0x20,0x30,0x00,0x20,0x20,0x00,0x20,0x20,0x00,0x20,0x20,	// 116
	0x00,0x00,0x00,0xE0,0x07,0x00,0xE0,0x3F,0x00,0x00,0x20,0x00,0x00,0x20,0x00,0x00,0x20,0x00,0x00,0x10,0x00,0xE0,0x3F,0x00,0xE0,0x3F,	// 117
	0x00,0x00,0x00,0x60,0x00,0x00,0xC0,0x03,0x00,0x00,0x0E,0x00,0x00,0x38,0x00,0x00,0x38,0x00,0x00,0x0E,0x00,0xC0,0x03,0x00,0x60,	// 118
	0x60,0x00,0x00,0xE0,0x1F,0x00,0x00,0x30,0x00,0x00,0x1C,0x00,0x00,0x03,0x00,0x00,0x07,0x00,0x00,0x3C,0x00,0x00,0x38,0x00,0xE0,0x1F,0x00,0x60,	// 119
	0x00,0x00,0x00,0x20,0x20,0x00,0x60,0x30,0x00,0xC0,0x0D,0x00,0x00,0x07,0x00,0x00,0x07,0x00,0xC0,0x0C,0x00,0x60,0x30,0x00,0x20,0x20,	// 120
	0x00,0x00,0x00,0x60,0x00,0x01,0xC0,0x03,0x01,0x00,0x8E,0x01,0x00,0xF8,0x00,0x00,0x38,0x00,0x00,0x0E,0x00,0xC0,0x03,0x00,0x60,	// 121
	0x00,0x00,0x00,0x00,0x20,0x00,0x20,0x38,0x00,0x20,0x2C,0x00,0x20,0x26,0x00,0x20,0x23,0x00,0xE0,0x20,0x00,0x60,0x20,0x00,0x00,0x20,	// 122
	0x00,0x00,0x00,0x00,0x00,0x00,0x00,0x02,0x00,0x00,0x07,0x00,0xF8,0xFD,0x00,0x0C,0x80,0x01,0x04,0x00,0x01,0x04,0x00,0x01,	// 123
	0x00,0x00,0x00,0x00,0x00,0x00,0x00,0x00,0x00,0x00,0x00,0x00,0xFC,0xFF,0x01,0xFC,0xFF,0x01,	// 124
	0x00,0x00,0x00,0x04,0x00,0x01,0x04,0x00,0x01,0x04,0x00,0x01,0xFC,0xF8,0x01,0xF8,0xFD,0x00,0x00,0x06,0x00,0x00,0x02,	// 125
	0x00,0x00,0x00,0x00,0x01,0x00,0x00,0x01,0x00,0x00,0x01,0x00,0x00,0x01,0x00,0x00,0x02,0x00,0x00,0x02,0x00,0x00,0x02,0x00,0x00,0x02,	// 126
	0x00,0x00,0x00,0x00,0x3F,0x00,0x00,0x21,0x00,0x00,0x21,0x00,0x00,0x21,0x00,0x00,0x21,0x00,0x00,0x3F,	// 127
	0x00,0x00,0x00,0x00,0x3F,0x00,0x00,0x21,0x00,0x00,0x21,0x00,0x00,0x21,0x00,0x00,0x21,0x00,0x00,0x3F,	// 128
	0x00,0x00,0x00,0x00,0x3F,0x00,0x00,0x21,0x00,0x00,0x21,0x00,0x00,0x21,0x00,0x00,0x21,0x00,0x00,0x3F,	// 129
	0x00,0x00,0x00,0x00,0x3F,0x00,0x00,0x21,0x00,0x00,0x21,0x00,0x00,0x21,0x00,0x00,0x21,0x00,0x00,0x3F,	// 130
	0x00,0x00,0x00,0x00,0x3F,0x00,0x00,0x21,0x00,0x00,0x21,0x00,0x00,0x21,0x00,0x00,0x21,0x00,0x00,0x3F,	// 131
	0x00,0x00,0x00,0x00,0x3F,0x00,0x00,0x21,0x00,0x00,0x21,0x00,0x00,0x21,0x00,0x00,0x21,0x00,0x00,0x3F,	// 132
	0x00,0x00,0x00,0x00,0x3F,0x00,0x00,0x21,0x00,0x00,0x21,0x00,0x00,0x21,0x00,0x00,0x21,0x00,0x00,0x3F,	// 133
	0x00,0x00,0x00,0x00,0x3F,0x00,0x00,0x21,0x00,0x00,0x21,0x00,0x00,0x21,0x00,0x00,0x21,0x00,0x00,0x3F,	// 134
	0x00,0x00,0x00,0x00,0x3F,0x00,0x00,0x21,0x00,0x00,0x21,0x00,0x00,0x21,0x00,0x00,0x21,0x00,0x00,0x3F,	// 135
	0x00,0x00,0x00,0x00,0x3F,0x00,0x00,0x21,0x00,0x00,0x21,0x00,0x00,0x21,0x00,0x00,0x21,0x00,0x00,0x3F,	// 136
	0x00,0x00,0x00,0x00,0x3F,0x00,0x00,0x21,0x00,0x00,0x21,0x00,0x00,0x21,0x00,0x00,0x21,0x00,0x00,0x3F,	// 137
	0x00,0x00,0x00,0x00,0x3F,0x00,0x00,0x21,0x00,0x00,0x21,0x00,0x00,0x21,0x00,0x00,0x21,0x00,0x00,0x3F,	// 138
	0x00,0x00,0x00,0x00,0x3F,0x00,0x00,0x21,0x00,0x00,0x21,0x00,0x00,0x21,0x00,0x00,0x21,0x00,0x00,0x3F,	// 139
	0x00,0x00,0x00,0x00,0x3F,0x00,0x00,0x21,0x00,0x00,0x21,0x00,0x00,0x21,0x00,0x00,0x21,0x00,0x00,0x3F,	// 140
	0x00,0x00,0x00,0x00,0x3F,0x00,0x00,0x21,0x00,0x00,0x21,0x00,0x00,0x21,0x00,0x00,0x21,0x00,0x00,0x3F,	// 141
	0x00,0x00,0x00,0x00,0x3F,0x00,0x00,0x21,0x00,0x00,0x21,0x00,0x00,0x21,0x00,0x00,0x21,0x00,0x00,0x3F,	// 142
	0x00,0x00,0x00,0x00,0x3F,0x00,0x00,0x21,0x00,0x00,0x21,0x00,0x00,0x21,0x00,0x00,0x21,0x00,0x00,0x3F,	// 143
	0x00,0x00,0x00,0x00,0x3F,0x00,0x00,0x21,0x00,0x00,0x21,0x00,0x00,0x21,0x00,0x00,0x21,0x00,0x00,0x3F,	// 144
	0x00,0x00,0x00,0x00,0x3F,0x00,0x00,0x21,0x00,0x00,0x21,0x00,0x00,0x21,0x00,0x00,0x21,0x00,0x00,0x3F,	// 145
	0x00,0x00,0x00,0x00,0x3F,0x00,0x00,0x21,0x00,0x00,0x21,0x00,0x00,0x21,0x00,0x00,0x21,0x00,0x00,0x3F,	// 146
	0x00,0x00,0x00,0x00,0x3F,0x00,0x00,0x21,0x00,0x00,0x21,0x00,0x00,0x21,0x00,0x00,0x21,0x00,0x00,0x3F,	// 147
	0x00,0x00,0x00,0x00,0x3F,0x00,0x00,0x21,0x00,0x00,0x21,0x00,0x00,0x21,0x00,0x00,0x21,0x00,0x00,0x3F,	// 148
	0x00,0x00,0x00,0x00,0x3F,0x00,0x00,0x21,0x00,0x00,0x21,0x00,0x00,0x21,0x00,0x00,0x21,0x00,0x00,0x3F,	// 149
	0x00,0x00,0x00,0x00,0x3F,0x00,0x00,0x21,0x00,0x00,0x21,0x00,0x00,0x21,0x00,0x00,0x21,0x00,0x00,0x3F,	// 150
	0x00,0x00,0x00,0x00,0x3F,0x00,0x00,0x21,0x00,0x00,0x21,0x00,0x00,0x21,0x00,0x00,0x21,0x00,0x00,0x3F,	// 151
	0x00,0x00,0x00,0x00,0x3F,0x00,0x00,0x21,0x00,0x00,0x21,0x00,0x00,0x21,0x00,0x00,0x21,0x00,0x00,0x3F,	// 152
	0x00,0x00,0x00,0x00,0x3F,0x00,0x00,0x21,0x00,0x00,0x21,0x00,0x00,0x21,0x00,0x00,0x21,0x00,0x00,0x3F,	// 153
	0x00,0x00,0x00,0x00,0x3F,0x00,0x00,0x21,0x00,0x00,0x21,0x00,0x00,0x21,0x00,0x00,0x21,0x00,0x00,0x3F,	// 154
	0x00,0x00,0x00,0x00,0x3F,0x00,0x00,0x21,0x00,0x00,0x21,0x00,0x00,0x21,0x00,0x00,0x21,0x00,0x00,0x3F,	// 155
	0x00,0x00,0x00,0x00,0x3F,0x00,0x00,0x21,0x00,0x00,0x21,0x00,0x00,0x21,0x00,0x00,0x21,0x00,0x00,0x3F,	// 156
	0x00,0x00,0x00,0x00,0x3F,0x00,0x00,0x21,0x00,0x00,0x21,0x00,0x00,0x21,0x00,0x00,0x21,0x00,0x00,0x3F,	// 157
	0x00,0x00,0x00,0x00,0x3F,0x00,0x00,0x21,0x00,0x00,0x21,0x00,0x00,0x21,0x00,0x00,0x21,0x00,0x00,0x3F,	// 158
	0x00,0x00,0x00,0x00,0x3F,0x00,0x00,0x21,0x00,0x00,0x21,0x00,0x00,0x21,0x00,0x00,0x21,0x00,0x00,0x3F,	// 159
	0x00,0x00,0x00,0x00,0x00,0x00,0x00,0x00,0x00,0x00,0x00,0x00,0x60,0xFF,0x00,0x60,0xFF,	// 161
	0x00,0x00,0x00,0xC0,0x07,0x00,0xE0,0x0F,0x00,0x30,0x18,0x00,0x10,0x10,0x00,0x18,0x30,0x00,0x10,0x10,0x00,0x30,0x18,0x00,0x20,0x08,	// 162
	0x00,0x00,0x00,0x00,0x31,0x00,0xF0,0x3F,0x00,0x38,0x21,0x00,0x08,0x21,0x00,0x08,0x21,0x00,0x08,0x21,0x00,0x18,0x20,0x00,0x10,0x30,	// 163
	0x00,0x00,0x00,0x00,0x01,0x00,0xE0,0x0F,0x00,0x60,0x0C,0x00,0x20,0x08,0x00,0x20,0x08,0x00,0x60,0x0C,0x00,0xE0,0x0F,0x00,0x00,0x01,	// 164
	0x00,0x00,0x00,0x08,0x09,0x00,0x30,0x09,0x00,0xE0,0x09,0x00,0x80,0x3F,0x00,0x80,0x3F,0x00,0x60,0x09,0x00,0x30,0x09,0x00,0x08,0x09,	// 165
	0x00,0x00,0x00,0x00,0x00,0x00,0x00,0x00,0x00,0x00,0x00,0x00,0xFC,0xF8,0x01,0xFC,0xF8,0x01,	// 166
	0x00,0x00,0x00,0x00,0x20,0x00,0xB8,0x63,0x00,0x64,0x46,0x00,0x44,0x44,0x00,0x44,0x44,0x00,0x44,0x44,0x00,0x88,0x3B,0x00,0x00,0x11,	// 167
	0x00,0x00,0x00,0x00,0x00,0x00,0x00,0x00,0x00,0x0C,0x00,0x00,0x00,0x00,0x00,0x00,0x00,0x00,0x0C,	// 168
	0xE0,0x07,0x00,0x10,0x08,0x00,0xC8,0x13,0x00,0x64,0x26,0x00,0x24,0x24,0x00,0x24,0x24,0x00,0x64,0x26,0x00,0x08,0x10,0x00,0x10,0x08,0x00,0xE0,0x07,	// 169
	0x00,0x00,0x00,0x00,0x00,0x00,0xE8,0x01,0x00,0x28,0x01,0x00,0x28,0x01,0x00,0x28,0x01,0x00,0xF8,0x01,0x00,0x00,0x01,	// 170
	0x00,0x00,0x00,0x00,0x02,0x00,0x80,0x0D,0x00,0xC0,0x18,0x00,0x40,0x10,0x00,0x00,0x07,0x00,0x80,0x0D,0x00,0xC0,0x18,0x00,0x40,0x10,	// 171
	0x00,0x00,0x00,0x00,0x01,0x00,0x00,0x01,0x00,0x00,0x01,0x00,0x00,0x01,0x00,0x00,0x01,0x00,0x00,0x01,0x00,0x00,0x01,0x00,0x00,0x0F,	// 172
	0x00,0x00,0x00,0x00,0x00,0x00,0x00,0x00,0x00,0x00,0x02,0x00,0x00,0x02,0x00,0x00,0x02,0x00,0x00,0x02,	// 173
	0xE0,0x07,0x00,0x10,0x08,0x00,0x08,0x10,0x00,0xE4,0x27,0x00,0x24,0x21,0x00,0x24,0x21,0x00,0xA4,0x26,0x00,0x48,0x10,0x00,0x10,0x08,0x00,0xE0,0x07,	// 174
	0x02,0x00,0x00,0x02,0x00,0x00,0x02,0x00,0x00,0x02,0x00,0x00,0x02,0x00,0x00,0x02,0x00,0x00,0x02,0x00,0x00,0x02,0x00,0x00,0x02,0x00,0x00,0x02,	// 175
	0x00,0x00,0x00,0x00,0x00,0x00,0x00,0x00,0x00,0x78,0x00,0x00,0x48,0x00,0x00,0x48,0x00,0x00,0x30,	// 176
	0x00,0x00,0x00,0x00,0x21,0x00,0x00,0x21,0x00,0x00,0x21,0x00,0xE0,0x2F,0x00,0xE0,0x2F,0x00,0x00,0x21,0x00,0x00,0x21,0x00,0x00,0x21,	// 177
	0x00,0x00,0x00,0x00,0x00,0x00,0x00,0x00,0x00,0x18,0x03,0x00,0x88,0x02,0x00,0x48,0x02,0x00,0x78,0x02,	// 178
	0x00,0x00,0x00,0x00,0x00,0x00,0x00,0x00,0x00,0x18,0x03,0x00,0x48,0x02,0x00,0x48,0x02,0x00,0xB8,0x03,	// 179
	0x00,0x00,0x00,0x00,0x00,0x00,0x00,0x00,0x00,0x08,0x00,0x00,0x0C,0x00,0x00,0x06,	// 180
	0x00,0x00,0x00,0xE0,0xFF,0x01,0xE0,0xFF,0x01,0x00,0x20,0x00,0x00,0x20,0x00,0x00,0x20,0x00,0x00,0x10,0x00,0xE0,0x3F,0x00,0xE0,0x3F,	// 181
	0x00,0x00,0x00,0xF0,0x00,0x00,0xF8,0x01,0x00,0xF8,0x01,0x00,0xF8,0xFF,0x01,0x08,0x00,0x00,0x08,0x00,0x00,0xF8,0xFF,0x01,0x08,	// 182
	0x00,0x00,0x00,0x00,0x00,0x00,0x00,0x00,0x00,0x00,0x00,0x00,0x00,0x03,0x00,0x00,0x03,	// 183
	0x00,0x00,0x00,0x00,0x00,0x01,0x00,0x40,0x01,0x00,0xC0,0x01,	// 184
	0x00,0x00,0x00,0x00,0x00,0x00,0x10,0x02,0x00,0x10,0x02,0x00,0x08,0x02,0x00,0xF8,0x03,0x00,0x00,0x02,	// 185
	0x00,0x00,0x00,0x00,0x00,0x00,0xF0,0x00,0x00,0x08,0x01,0x00,0x08,0x01,0x00,0x08,0x01,0x00,0x08,0x01,0x00,0xF0,	// 186
	0x00,0x00,0x00,0x40,0x10,0x00,0xC0,0x18,0x00,0x00,0x05,0x00,0x00,0x02,0x00,0x40,0x10,0x00,0x80,0x0D,0x00,0x00,0x07,0x00,0x00,0x02,	// 187
	0x10,0x00,0x00,0x10,0x01,0x00,0xF8,0x31,0x00,0x00,0x0D,0x00,0x00,0x03,0x00,0x80,0x18,0x00,0x60,0x14,0x00,0x18,0x13,0x00,0x00,0x3F,0x00,0x00,0x10,	// 188
	0x10,0x00,0x00,0x10,0x01,0x00,0xF8,0x31,0x00,0x00,0x0D,0x00,0x00,0x03,0x00,0x80,0x32,0x00,0x60,0x31,0x00,0x18,0x29,0x00,0x00,0x27,	// 189
	0x90,0x00,0x00,0x08,0x01,0x00,0x28,0x31,0x00,0xF8,0x0C,0x00,0x00,0x03,0x00,0x80,0x18,0x00,0x60,0x14,0x00,0x18,0x13,0x00,0x00,0x3F,0x00,0x00,0x10,	// 190
	0x00,0x00,0x00,0x00,0x30,0x00,0x00,0x78,0x00,0x00,0xC4,0x00,0x00,0x86,0x00,0x60,0x83,0x00,0x00,0x80,0x00,0x00,0x40,0x00,0x00,0x60,	// 191
	0x00,0x20,0x00,0x00,0x3C,0x00,0x80,0x0F,0x00,0xE0,0x05,0x00,0x39,0x04,0x00,0x3B,0x04,0x00,0xE0,0x05,0x00,0x80,0x0F,0x00,0x00,0x3C,0x00,0x00,0x20,	// 192
	0x00,0x20,0x00,0x00,0x3C,0x00,0x80,0x0F,0x00,0xE0,0x05,0x00,0x3A,0x04,0x00,0x3B,0x04,0x00,0xE1,0x05,0x00,0x80,0x0F,0x00,0x00,0x3C,0x00,0x00,0x20,	// 193
	0x00,0x20,0x00,0x00,0x3C,0x00,0x82,0x0F,0x00,0xE3,0x05,0x00,0x38,0x04,0x00,0x39,0x04,0x00,0xE3,0x05,0x00,0x80,0x0F,0x00,0x00,0x3C,0x00,0x00,0x20,	// 194
	0x00,0x20,0x00,0x00,0x3C,0x00,0x83,0x0F,0x00,0xE0,0x05,0x00,0x39,0x04,0x00,0x3B,0x04,0x00,0xE2,0x05,0x00,0x81,0x0F,0x00,0x00,0x3C,0x00,0x00,0x20,	// 195
	0x00,0x20,0x00,0x00,0x3C,0x00,0x80,0x0F,0x00,0xE3,0x05,0x00,0x38,0x04,0x00,0x38,0x04,0x00,0xE3,0x05,0x00,0x80,0x0F,0x00,0x00,0x3C,0x00,0x00,0x20,	// 196
	0x00,0x20,0x00,0x00,0x3C,0x00,0x80,0x0F,0x00,0xE6,0x05,0x00,0x39,0x04,0x00,0x39,0x04,0x00,0xE6,0x05,0x00,0x80,0x0F,0x00,0x00,0x3C,0x00,0x00,0x20,	// 197
	0x00,0x20,0x00,0x00,0x1C,0x00,0x80,0x03,0x00,0x70,0x02,0x00,0x08,0x02,0x00,0xF8,0x3F,0x00,0x08,0x21,0x00,0x08,0x21,0x00,0x08,0x21,0x00,0x00,0x20,	// 198
	0x00,0x00,0x00,0xE0,0x0F,0x00,0xF0,0x1E,0x00,0x18,0x30,0x00,0x08,0x20,0x01,0x08,0x60,0x01,0x18,0xE0,0x01,0x10,0x10,0x00,0x30,0x18,	// 199
	0x00,0x00,0x00,0xF8,0x3F,0x00,0xF8,0x3F,0x00,0x08,0x21,0x00,0x09,0x21,0x00,0x0B,0x21,0x00,0x08,0x21,0x00,0x08,0x21,0x00,0x08,0x20,	// 200
	0x00,0x00,0x00,0xF8,0x3F,0x00,0xF8,0x3F,0x00,0x08,0x21,0x00,0x0A,0x21,0x00,0x0B,0x21,0x00,0x09,0x21,0x00,0x08,0x21,0x00,0x08,0x20,	// 201
	0x00,0x00,0x00,0xF8,0x3F,0x00,0xFA,0x3F,0x00,0x0B,0x21,0x00,0x08,0x21,0x00,0x09,0x21,0x00,0x0B,0x21,0x00,0x08,0x21,0x00,0x08,0x20,	// 202
	0x00,0x00,0x00,0xF8,0x3F,0x00,0xF8,0x3F,0x00,0x08,0x21,0x00,0x0B,0x21,0x00,0x08,0x21,0x00,0x08,0x21,0x00,0x0B,0x21,0x00,0x08,0x20,	// 203
	0x00,0x00,0x00,0x00,0x00,0x00,0x08,0x20,0x00,0x08,0x20,0x00,0xF9,0x3F,0x00,0xFB,0x3F,0x00,0x08,0x20,0x00,0x08,0x20,	// 204
	0x00,0x00,0x00,0x00,0x00,0x00,0x08,0x20,0x00,0x08,0x20,0x00,0xFA,0x3F,0x00,0xFB,0x3F,0x00,0x09,0x20,0x00,0x08,0x20,	// 205
	0x00,0x00,0x00,0x00,0x00,0x00,0x0A,0x20,0x00,0x0B,0x20,0x00,0xF8,0x3F,0x00,0xF9,0x3F,0x00,0x0B,0x20,0x00,0x08,0x20,	// 206
	0x00,0x00,0x00,0x00,0x00,0x00,0x08,0x20,0x00,0x0B,0x20,0x00,0xF8,0x3F,0x00,0xF8,0x3F,0x00,0x0B,0x20,0x00,0x08,0x20,	// 207
	0x00,0x01,0x00,0xF8,0x3F,0x00,0xF8,0x3F,0x00,0x08,0x21,0x00,0x08,0x21,0x00,0x08,0x20,0x00,0x18,0x30,0x00,0x70,0x1C,0x00,0xE0,0x0F,	// 208
	0x00,0x00,0x00,0xF8,0x3F,0x00,0xFB,0x3F,0x00,0x70,0x00,0x00,0xC1,0x01,0x00,0x03,0x07,0x00,0x02,0x18,0x00,0xF9,0x3F,0x00,0xF8,0x3F,	// 209
	0x00,0x00,0x00,0xE0,0x0F,0x00,0x70,0x1C,0x00,0x18,0x30,0x00,0x09,0x20,0x00,0x0B,0x20,0x00,0x18,0x30,0x00,0x70,0x1C,0x00,0xE0,0x0F,	// 210
	0x00,0x00,0x00,0xE0,0x0F,0x00,0x70,0x1C,0x00,0x18,0x30,0x00,0x0A,0x20,0x00,0x0B,0x20,0x00,0x19,0x30,0x00,0x70,0x1C,0x00,0xE0,0x0F,	// 211
	0x00,0x00,0x00,0xE0,0x0F,0x00,0x72,0x1C,0x00,0x1B,0x30,0x00,0x08,0x20,0x00,0x09,0x20,0x00,0x1B,0x30,0x00,0x70,0x1C,0x00,0xE0,0x0F,	// 212
	0x00,0x00,0x00,0xE0,0x0F,0x00,0x73,0x1C,0x00,0x18,0x30,0x00,0x09,0x20,0x00,0x0B,0x20,0x00,0x1A,0x30,0x00,0x71,0x1C,0x00,0xE0,0x0F,	// 213
	0x00,0x00,0x00,0xE0,0x0F,0x00,0x70,0x1C,0x00,0x1B,0x30,0x00,0x08,0x20,0x00,0x08,0x20,0x00,0x1B,0x30,0x00,0x70,0x1C,0x00,0xE0,0x0F,	// 214
	0x00,0x00,0x00,0x00,0x00,0x00,0x60,0x0C,0x00,0xC0,0x06,0x00,0x80,0x03,0x00,0x80,0x03,0x00,0xC0,0x06,0x00,0x60,0x0C,	// 215
	0x00,0x00,0x00,0xE0,0x3F,0x00,0x70,0x1C,0x00,0x18,0x34,0x00,0x08,0x23,0x00,0x88,0x21,0x00,0x58,0x30,0x00,0x70,0x1C,0x00,0xF8,0x0F,	// 216
	0x00,0x00,0x00,0xF8,0x0F,0x00,0xF8,0x1F,0x00,0x00,0x30,0x00,0x01,0x20,0x00,0x03,0x20,0x00,0x00,0x30,0x00,0xF8,0x1F,0x00,0xF8,0x0F,	// 217
	0x00,0x00,0x00,0xF8,0x0F,0x00,0xF8,0x1F,0x00,0x00,0x30,0x00,0x02,0x20,0x00,0x03,0x20,0x00,0x01,0x30,0x00,0xF8,0x1F,0x00,0xF8,0x0F,	// 218
	0x00,0x00,0x00,0xF8,0x0F,0x00,0xFA,0x1F,0x00,0x03,0x30,0x00,0x00,0x20,0x00,0x01,0x20,0x00,0x03,0x30,0x00,0xF8,0x1F,0x00,0xF8,0x0F,	// 219
	0x00,0x00,0x00,0xF8,0x0F,0x00,0xF8,0x1F,0x00,0x03,0x30,0x00,0x00,0x20,0x00,0x00,0x20,0x00,0x03,0x30,0x00,0xF8,0x1F,0x00,0xF8,0x0F,	// 220
	0x00,0x00,0x00,0x18,0x00,0x00,0x30,0x00,0x00,0xE0,0x00,0x00,0x82,0x3F,0x00,0x83,0x3F,0x00,0xE1,0x00,0x00,0x30,0x00,0x00,0x18,	// 221
	0x00,0x00,0x00,0xF8,0x3F,0x00,0xF8,0x3F,0x00,0x20,0x08,0x00,0x20,0x08,0x00,0x20,0x08,0x00,0x20,0x08,0x00,0xC0,0x06,0x00,0xC0,0x03,	// 222
	0x00,0x00,0x00,0xF0,0x3F,0x00,0xF8,0x3F,0x00,0x04,0x00,0x00,0x04,0x20,0x00,0xC4,0x21,0x00,0x4C,0x23,0x00,0x38,0x22,0x00,0x00,0x1E,	// 223
	0x00,0x00,0x00,0x00,0x1C,0x00,0x62,0x3E,0x00,0x26,0x22,0x00,0x2C,0x22,0x00,0x20,0x22,0x00,0x60,0x12,0x00,0xC0,0x3F,0x00,0x00,0x20,	// 224
	0x00,0x00,0x00,0x00,0x1C,0x00,0x60,0x3E,0x00,0x20,0x22,0x00,0x28,0x22,0x00,0x2C,0x22,0x00,0x66,0x12,0x00,0xC0,0x3F,0x00,0x00,0x20,	// 225
	0x00,0x00,0x00,0x00,0x1C,0x00,0x68,0x3E,0x00,0x2C,0x22,0x00,0x22,0x22,0x00,0x26,0x22,0x00,0x6C,0x12,0x00,0xC0,0x3F,0x00,0x00,0x20,	// 226
	0x00,0x00,0x00,0x00,0x1C,0x00,0x6C,0x3E,0x00,0x22,0x22,0x00,0x26,0x22,0x00,0x2C,0x22,0x00,0x68,0x12,0x00,0xC6,0x3F,0x00,0x00,0x20,	// 227
	0x00,0x00,0x00,0x00,0x1C,0x00,0x60,0x3E,0x00,0x2C,0x22,0x00,0x20,0x22,0x00,0x20,0x22,0x00,0x6C,0x12,0x00,0xC0,0x3F,0x00,0x00,0x20,	// 228
	0x00,0x00,0x00,0x00,0x1C,0x00,0x60,0x3E,0x00,0x26,0x22,0x00,0x29,0x22,0x00,0x29,0x22,0x00,0x66,0x12,0x00,0xC0,0x3F,0x00,0x00,0x20,	// 229
	0x00,0x1C,0x00,0x60,0x36,0x00,0x20,0x22,0x00,0x20,0x32,0x00,0xE0,0x1F,0x00,0xC0,0x3B,0x00,0x20,0x22,0x00,0x20,0x22,0x00,0xE0,0x33,0x00,0x80,0x13,	// 230
	0x00,0x00,0x00,0x80,0x0F,0x00,0xC0,0x1F,0x00,0x60,0x30,0x00,0x20,0x20,0x01,0x20,0x60,0x01,0x20,0xE0,0x01,0x60,0x30,0x00,0x40,0x10,	// 231
	0x00,0x00,0x00,0x80,0x0F,0x00,0xC0,0x1F,0x00,0x62,0x32,0x00,0x26,0x22,0x00,0x2C,0x22,0x00,0x60,0x22,0x00,0xC0,0x13,0x00,0x80,0x13,	// 232
	0x00,0x00,0x00,0x80,0x0F,0x00,0xC0,0x1F,0x00,0x60,0x32,0x00,0x28,0x22,0x00,0x2C,0x22,0x00,0x66,0x22,0x00,0xC0,0x13,0x00,0x80,0x13,	// 233
	0x00,0x00,0x00,0x80,0x0F,0x00,0xC8,0x1F,0x00,0x6C,0x32,0x00,0x22,0x22,0x00,0x26,0x22,0x00,0x6C,0x22,0x00,0xC0,0x13,0x00,0x80,0x13,	// 234
	0x00,0x00,0x00,0x80,0x0F,0x00,0xC0,0x1F,0x00,0x6C,0x32,0x00,0x20,0x22,0x00,0x20,0x22,0x00,0x6C,0x22,0x00,0xC0,0x13,0x00,0x80,0x13,	// 235
	0x00,0x00,0x00,0x00,0x20,0x00,0x20,0x20,0x00,0x22,0x20,0x00,0x26,0x20,0x00,0xEC,0x3F,0x00,0x00,0x20,0x00,0x00,0x20,0x00,0x00,0x20,	// 236
	0x00,0x00,0x00,0x00,0x20,0x00,0x20,0x20,0x00,0x20,0x20,0x00,0x28,0x20,0x00,0xEC,0x3F,0x00,0x06,0x20,0x00,0x00,0x20,0x00,0x00,0x20,	// 237
	0x00,0x00,0x00,0x00,0x20,0x00,0x28,0x20,0x00,0x2C,0x20,0x00,0x22,0x20,0x00,0xE6,0x3F,0x00,0x0C,0x20,0x00,0x00,0x20,0x00,0x00,0x20,	// 238
	0x00,0x00,0x00,0x00,0x20,0x00,0x20,0x20,0x00,0x2C,0x20,0x00,0x20,0x20,0x00,0xE0,0x3F,0x00,0x0C,0x20,0x00,0x00,0x20,0x00,0x00,0x20,	// 239
	0x00,0x00,0x00,0x00,0x0F,0x00,0x80,0x1F,0x00,0x54,0x20,0x00,0x4C,0x20,0x00,0x48,0x20,0x00,0x78,0x20,0x00,0xE4,0x1F,0x00,0x80,0x0F,	// 240
	0x00,0x00,0x00,0xE0,0x3F,0x00,0xEC,0x3F,0x00,0x42,0x00,0x00,0x26,0x00,0x00,0x2C,0x00,0x00,0x28,0x00,0x00,0xE6,0x3F,0x00,0x80,0x3F,	// 241
	0x00,0x00,0x00,0x80,0x0F,0x00,0xC0,0x1F,0x00,0x62,0x30,0x00,0x26,0x20,0x00,0x2C,0x20,0x00,0x20,0x30,0x00,0xC0,0x1F,0x00,0x80,0x0F,	// 242
	0x00,0x00,0x00,0x80,0x0F,0x00,0xC0,0x1F,0x00,0x60,0x30,0x00,0x28,0x20,0x00,0x2C,0x20,0x00,0x26,0x30,0x00,0xC0,0x1F,0x00,0x80,0x0F,	// 243
	0x00,0x00,0x00,0x80,0x0F,0x00,0xC8,0x1F,0x00,0x6C,0x30,0x00,0x22,0x20,0x00,0x26,0x20,0x00,0x2C,0x30,0x00,0xC0,0x1F,0x00,0x80,0x0F,	// 244
	0x00,0x00,0x00,0x80,0x0F,0x00,0xCC,0x1F,0x00,0x62,0x30,0x00,0x26,0x20,0x00,0x2C,0x20,0x00,0x28,0x30,0x00,0xC6,0x1F,0x00,0x80,0x0F,	// 245
	0x00,0x00,0x00,0x80,0x0F,0x00,0xC0,0x1F,0x00,0x6C,0x30,0x00,0x20,0x20,0x00,0x20,0x20,0x00,0x2C,0x30,0x00,0xC0,0x1F,0x00,0x80,0x0F,	// 246
	0x00,0x00,0x00,0x00,0x01,0x00,0x00,0x01,0x00,0x00,0x01,0x00,0x20,0x09,0x00,0x20,0x09,0x00,0x00,0x01,0x00,0x00,0x01,0x00,0x00,0x01,	// 247
	0x00,0x00,0x00,0x80,0x2F,0x00,0xC0,0x18,0x00,0x20,0x2C,0x00,0x20,0x26,0x00,0x20,0x23,0x00,0xA0,0x20,0x00,0xC0,0x18,0x00,0xA0,0x0F,	// 248
	0x00,0x00,0x00,0xE0,0x07,0x00,0xE0,0x3F,0x00,0x02,0x20,0x00,0x06,0x20,0x00,0x0C,0x20,0x00,0x00,0x10,0x00,0xE0,0x3F,0x00,0xE0,0x3F,	// 249
	0x00,0x00,0x00,0xE0,0x07,0x00,0xE0,0x3F,0x00,0x00,0x20,0x00,0x08,0x20,0x00,0x0C,0x20,0x00,0x06,0x10,0x00,0xE0,0x3F,0x00,0xE0,0x3F,	// 250
	0x00,0x00,0x00,0xE0,0x07,0x00,0xE8,0x3F,0x00,0x0C,0x20,0x00,0x02,0x20,0x00,0x06,0x20,0x00,0x0C,0x10,0x00,0xE0,0x3F,0x00,0xE0,0x3F,	// 251
	0x00,0x00,0x00,0xE0,0x07,0x00,0xE0,0x3F,0x00,0x0C,0x20,0x00,0x00,0x20,0x00,0x00,0x20,0x00,0x0C,0x10,0x00,0xE0,0x3F,0x00,0xE0,0x3F,	// 252
	0x00,0x00,0x00,0x60,0x00,0x01,0xC0,0x03,0x01,0x00,0x8E,0x01,0x08,0xF8,0x00,0x0C,0x38,0x00,0x06,0x0E,0x00,0xC0,0x03,0x00,0x60,	// 253
	0x00,0x00,0x00,0xFC,0xFF,0x01,0xFC,0xFF,0x01,0x40,0x10,0x00,0x20,0x20,0x00,0x20,0x20,0x00,0x20,0x20,0x00,0xC0,0x1F,0x00,0x80,0x0F,	// 254
	0x00,0x00,0x00,0x60,0x00,0x01,0xC0,0x03,0x01,0x0C,0x8E,0x01,0x00,0xF8,0x00,0x00,0x38,0x00,0x0C,0x0E,0x00,0xC0,0x03,0x00,0x60	// 255
};

// Created by http://oleddisplay.squix.ch/ Consider a donation
// In case of problems make sure that you are using the font file with the correct version!
const uint8_t Cousine_Regular_12[] PROGMEM = {
	0x07, // Width: 7
	0x0E, // Height: 14
	0x20, // First Char: 32
	0xE0, // Numbers of Chars: 224

	// Jump Table:
	0xFF, 0xFF, 0x00, 0x07,  // 32:65535
	0x00, 0x00, 0x08, 0x07,  // 33:0
	0x00, 0x08, 0x09, 0x07,  // 34:8
	0x00, 0x11, 0x0D, 0x07,  // 35:17
	0x00, 0x1E, 0x0D, 0x07,  // 36:30
	0x00, 0x2B, 0x0E, 0x07,  // 37:43
	0x00, 0x39, 0x0E, 0x07,  // 38:57
	0x00, 0x47, 0x07, 0x07,  // 39:71
	0x00, 0x4E, 0x0A, 0x07,  // 40:78
	0x00, 0x58, 0x0A, 0x07,  // 41:88
	0x00, 0x62, 0x09, 0x07,  // 42:98
	0x00, 0x6B, 0x0B, 0x07,  // 43:107
	0x00, 0x76, 0x08, 0x07,  // 44:118
	0x00, 0x7E, 0x09, 0x07,  // 45:126
	0x00, 0x87, 0x08, 0x07,  // 46:135
	0x00, 0x8F, 0x0B, 0x07,  // 47:143
	0x00, 0x9A, 0x0C, 0x07,  // 48:154
	0x00, 0xA6, 0x0E, 0x07,  // 49:166
	0x00, 0xB4, 0x0C, 0x07,  // 50:180
	0x00, 0xC0, 0x0C, 0x07,  // 51:192
	0x00, 0xCC, 0x0B, 0x07,  // 52:204
	0x00, 0xD7, 0x0C, 0x07,  // 53:215
	0x00, 0xE3, 0x0C, 0x07,  // 54:227
	0x00, 0xEF, 0x0B, 0x07,  // 55:239
	0x00, 0xFA, 0x0C, 0x07,  // 56:250
	0x01, 0x06, 0x0C, 0x07,  // 57:262
	0x01, 0x12, 0x08, 0x07,  // 58:274
	0x01, 0x1A, 0x08, 0x07,  // 59:282
	0x01, 0x22, 0x0B, 0x07,  // 60:290
	0x01, 0x2D, 0x0B, 0x07,  // 61:301
	0x01, 0x38, 0x0B, 0x07,  // 62:312
	0x01, 0x43, 0x0B, 0x07,  // 63:323
	0x01, 0x4E, 0x0D, 0x07,  // 64:334
	0x01, 0x5B, 0x0E, 0x07,  // 65:347
	0x01, 0x69, 0x0D, 0x07,  // 66:361
	0x01, 0x76, 0x0C, 0x07,  // 67:374
	0x01, 0x82, 0x0C, 0x07,  // 68:386
	0x01, 0x8E, 0x0C, 0x07,  // 69:398
	0x01, 0x9A, 0x0B, 0x07,  // 70:410
	0x01, 0xA5, 0x0C, 0x07,  // 71:421
	0x01, 0xB1, 0x0C, 0x07,  // 72:433
	0x01, 0xBD, 0x0C, 0x07,  // 73:445
	0x01, 0xC9, 0x0B, 0x07,  // 74:457
	0x01, 0xD4, 0x0E, 0x07,  // 75:468
	0x01, 0xE2, 0x0C, 0x07,  // 76:482
	0x01, 0xEE, 0x0C, 0x07,  // 77:494
	0x01, 0xFA, 0x0C, 0x07,  // 78:506
	0x02, 0x06, 0x0C, 0x07,  // 79:518
	0x02, 0x12, 0x0B, 0x07,  // 80:530
	0x02, 0x1D, 0x0C, 0x07,  // 81:541
	0x02, 0x29, 0x0C, 0x07,  // 82:553
	0x02, 0x35, 0x0C, 0x07,  // 83:565
	0x02, 0x41, 0x0D, 0x07,  // 84:577
	0x02, 0x4E, 0x0C, 0x07,  // 85:590
	0x02, 0x5A, 0x0D, 0x07,  // 86:602
	0x02, 0x67, 0x0D, 0x07,  // 87:615
	0x02, 0x74, 0x0C, 0x07,  // 88:628
	0x02, 0x80, 0x0D, 0x07,  // 89:640
	0x02, 0x8D, 0x0E, 0x07,  // 90:653
	0x02, 0x9B, 0x0C, 0x07,  // 91:667
	0x02, 0xA7, 0x0C, 0x07,  // 92:679
	0x02, 0xB3, 0x0A, 0x07,  // 93:691
	0x02, 0xBD, 0x0B, 0x07,  // 94:701
	0x02, 0xC8, 0x0E, 0x07,  // 95:712
	0x02, 0xD6, 0x09, 0x07,  // 96:726
	0x02, 0xDF, 0x0E, 0x07,  // 97:735
	0x02, 0xED, 0x0C, 0x07,  // 98:749
	0x02, 0xF9, 0x0C, 0x07,  // 99:761
	0x03, 0x05, 0x0C, 0x07,  // 100:773
	0x03, 0x11, 0x0C, 0x07,  // 101:785
	0x03, 0x1D, 0x0B, 0x07,  // 102:797
	0x03, 0x28, 0x0C, 0x07,  // 103:808
	0x03, 0x34, 0x0C, 0x07,  // 104:820
	0x03, 0x40, 0x0E, 0x07,  // 105:832
	0x03, 0x4E, 0x0A, 0x07,  // 106:846
	0x03, 0x58, 0x0C, 0x07,  // 107:856
	0x03, 0x64, 0x0C, 0x07,  // 108:868
	0x03, 0x70, 0x0C, 0x07,  // 109:880
	0x03, 0x7C, 0x0C, 0x07,  // 110:892
	0x03, 0x88, 0x0C, 0x07,  // 111:904
	0x03, 0x94, 0x0C, 0x07,  // 112:916
	0x03, 0xA0, 0x0C, 0x07,  // 113:928
	0x03, 0xAC, 0x0B, 0x07,  // 114:940
	0x03, 0xB7, 0x0C, 0x07,  // 115:951
	0x03, 0xC3, 0x0C, 0x07,  // 116:963
	0x03, 0xCF, 0x0C, 0x07,  // 117:975
	0x03, 0xDB, 0x0B, 0x07,  // 118:987
	0x03, 0xE6, 0x0D, 0x07,  // 119:998
	0x03, 0xF3, 0x0C, 0x07,  // 120:1011
	0x03, 0xFF, 0x0B, 0x07,  // 121:1023
	0x04, 0x0A, 0x0C, 0x07,  // 122:1034
	0x04, 0x16, 0x0C, 0x07,  // 123:1046
	0x04, 0x22, 0x08, 0x07,  // 124:1058
	0x04, 0x2A, 0x0B, 0x07,  // 125:1066
	0x04, 0x35, 0x0B, 0x07,  // 126:1077
	0x04, 0x40, 0x0A, 0x07,  // 127:1088
	0x04, 0x4A, 0x0A, 0x07,  // 128:1098
	0x04, 0x54, 0x0A, 0x07,  // 129:1108
	0x04, 0x5E, 0x0A, 0x07,  // 130:1118
	0x04, 0x68, 0x0A, 0x07,  // 131:1128
	0x04, 0x72, 0x0A, 0x07,  // 132:1138
	0x04, 0x7C, 0x0A, 0x07,  // 133:1148
	0x04, 0x86, 0x0A, 0x07,  // 134:1158
	0x04, 0x90, 0x0A, 0x07,  // 135:1168
	0x04, 0x9A, 0x0A, 0x07,  // 136:1178
	0x04, 0xA4, 0x0A, 0x07,  // 137:1188
	0x04, 0xAE, 0x0A, 0x07,  // 138:1198
	0x04, 0xB8, 0x0A, 0x07,  // 139:1208
	0x04, 0xC2, 0x0A, 0x07,  // 140:1218
	0x04, 0xCC, 0x0A, 0x07,  // 141:1228
	0x04, 0xD6, 0x0A, 0x07,  // 142:1238
	0x04, 0xE0, 0x0A, 0x07,  // 143:1248
	0x04, 0xEA, 0x0A, 0x07,  // 144:1258
	0x04, 0xF4, 0x0A, 0x07,  // 145:1268
	0x04, 0xFE, 0x0A, 0x07,  // 146:1278
	0x05, 0x08, 0x0A, 0x07,  // 147:1288
	0x05, 0x12, 0x0A, 0x07,  // 148:1298
	0x05, 0x1C, 0x0A, 0x07,  // 149:1308
	0x05, 0x26, 0x0A, 0x07,  // 150:1318
	0x05, 0x30, 0x0A, 0x07,  // 151:1328
	0x05, 0x3A, 0x0A, 0x07,  // 152:1338
	0x05, 0x44, 0x0A, 0x07,  // 153:1348
	0x05, 0x4E, 0x0A, 0x07,  // 154:1358
	0x05, 0x58, 0x0A, 0x07,  // 155:1368
	0x05, 0x62, 0x0A, 0x07,  // 156:1378
	0x05, 0x6C, 0x0A, 0x07,  // 157:1388
	0x05, 0x76, 0x0A, 0x07,  // 158:1398
	0x05, 0x80, 0x0A, 0x07,  // 159:1408
	0xFF, 0xFF, 0x00, 0x07,  // 160:65535
	0x05, 0x8A, 0x08, 0x07,  // 161:1418
	0x05, 0x92, 0x0B, 0x07,  // 162:1426
	0x05, 0x9D, 0x0E, 0x07,  // 163:1437
	0x05, 0xAB, 0x0B, 0x07,  // 164:1451
	0x05, 0xB6, 0x0C, 0x07,  // 165:1462
	0x05, 0xC2, 0x08, 0x07,  // 166:1474
	0x05, 0xCA, 0x0C, 0x07,  // 167:1482
	0x05, 0xD6, 0x09, 0x07,  // 168:1494
	0x05, 0xDF, 0x0D, 0x07,  // 169:1503
	0x05, 0xEC, 0x0B, 0x07,  // 170:1516
	0x05, 0xF7, 0x0C, 0x07,  // 171:1527
	0x06, 0x03, 0x0B, 0x07,  // 172:1539
	0x06, 0x0E, 0x09, 0x07,  // 173:1550
	0x06, 0x17, 0x0D, 0x07,  // 174:1559
	0x06, 0x24, 0x0D, 0x07,  // 175:1572
	0x06, 0x31, 0x09, 0x07,  // 176:1585
	0x06, 0x3A, 0x0C, 0x07,  // 177:1594
	0x06, 0x46, 0x09, 0x07,  // 178:1606
	0x06, 0x4F, 0x09, 0x07,  // 179:1615
	0x06, 0x58, 0x09, 0x07,  // 180:1624
	0x06, 0x61, 0x0C, 0x07,  // 181:1633
	0x06, 0x6D, 0x0C, 0x07,  // 182:1645
	0x06, 0x79, 0x07, 0x07,  // 183:1657
	0x06, 0x80, 0x06, 0x07,  // 184:1664
	0x06, 0x86, 0x09, 0x07,  // 185:1670
	0x06, 0x8F, 0x0B, 0x07,  // 186:1679
	0x06, 0x9A, 0x0B, 0x07,  // 187:1690
	0x06, 0xA5, 0x0E, 0x07,  // 188:1701
	0x06, 0xB3, 0x0E, 0x07,  // 189:1715
	0x06, 0xC1, 0x0E, 0x07,  // 190:1729
	0x06, 0xCF, 0x0C, 0x07,  // 191:1743
	0x06, 0xDB, 0x0E, 0x07,  // 192:1755
	0x06, 0xE9, 0x0E, 0x07,  // 193:1769
	0x06, 0xF7, 0x0E, 0x07,  // 194:1783
	0x07, 0x05, 0x0E, 0x07,  // 195:1797
	0x07, 0x13, 0x0E, 0x07,  // 196:1811
	0x07, 0x21, 0x0E, 0x07,  // 197:1825
	0x07, 0x2F, 0x0E, 0x07,  // 198:1839
	0x07, 0x3D, 0x0C, 0x07,  // 199:1853
	0x07, 0x49, 0x0C, 0x07,  // 200:1865
	0x07, 0x55, 0x0C, 0x07,  // 201:1877
	0x07, 0x61, 0x0C, 0x07,  // 202:1889
	0x07, 0x6D, 0x0C, 0x07,  // 203:1901
	0x07, 0x79, 0x0C, 0x07,  // 204:1913
	0x07, 0x85, 0x0C, 0x07,  // 205:1925
	0x07, 0x91, 0x0C, 0x07,  // 206:1937
	0x07, 0x9D, 0x0C, 0x07,  // 207:1949
	0x07, 0xA9, 0x0C, 0x07,  // 208:1961
	0x07, 0xB5, 0x0C, 0x07,  // 209:1973
	0x07, 0xC1, 0x0C, 0x07,  // 210:1985
	0x07, 0xCD, 0x0C, 0x07,  // 211:1997
	0x07, 0xD9, 0x0C, 0x07,  // 212:2009
	0x07, 0xE5, 0x0C, 0x07,  // 213:2021
	0x07, 0xF1, 0x0C, 0x07,  // 214:2033
	0x07, 0xFD, 0x0B, 0x07,  // 215:2045
	0x08, 0x08, 0x0D, 0x07,  // 216:2056
	0x08, 0x15, 0x0C, 0x07,  // 217:2069
	0x08, 0x21, 0x0C, 0x07,  // 218:2081
	0x08, 0x2D, 0x0C, 0x07,  // 219:2093
	0x08, 0x39, 0x0C, 0x07,  // 220:2105
	0x08, 0x45, 0x0D, 0x07,  // 221:2117
	0x08, 0x52, 0x0B, 0x07,  // 222:2130
	0x08, 0x5D, 0x0E, 0x07,  // 223:2141
	0x08, 0x6B, 0x0E, 0x07,  // 224:2155
	0x08, 0x79, 0x0E, 0x07,  // 225:2169
	0x08, 0x87, 0x0E, 0x07,  // 226:2183
	0x08, 0x95, 0x0E, 0x07,  // 227:2197
	0x08, 0xA3, 0x0E, 0x07,  // 228:2211
	0x08, 0xB1, 0x0E, 0x07,  // 229:2225
	0x08, 0xBF, 0x0E, 0x07,  // 230:2239
	0x08, 0xCD, 0x0C, 0x07,  // 231:2253
	0x08, 0xD9, 0x0C, 0x07,  // 232:2265
	0x08, 0xE5, 0x0C, 0x07,  // 233:2277
	0x08, 0xF1, 0x0C, 0x07,  // 234:2289
	0x08, 0xFD, 0x0C, 0x07,  // 235:2301
	0x09, 0x09, 0x0E, 0x07,  // 236:2313
	0x09, 0x17, 0x0E, 0x07,  // 237:2327
	0x09, 0x25, 0x0E, 0x07,  // 238:2341
	0x09, 0x33, 0x0E, 0x07,  // 239:2355
	0x09, 0x41, 0x0C, 0x07,  // 240:2369
	0x09, 0x4D, 0x0C, 0x07,  // 241:2381
	0x09, 0x59, 0x0C, 0x07,  // 242:2393
	0x09, 0x65, 0x0C, 0x07,  // 243:2405
	0x09, 0x71, 0x0C, 0x07,  // 244:2417
	0x09, 0x7D, 0x0C, 0x07,  // 245:2429
	0x09, 0x89, 0x0C, 0x07,  // 246:2441
	0x09, 0x95, 0x0B, 0x07,  // 247:2453
	0x09, 0xA0, 0x0C, 0x07,  // 248:2464
	0x09, 0xAC, 0x0C, 0x07,  // 249:2476
	0x09, 0xB8, 0x0C, 0x07,  // 250:2488
	0x09, 0xC4, 0x0C, 0x07,  // 251:2500
	0x09, 0xD0, 0x0C, 0x07,  // 252:2512
	0x09, 0xDC, 0x0B, 0x07,  // 253:2524
	0x09, 0xE7, 0x0C, 0x07,  // 254:2535
	0x09, 0xF3, 0x0B, 0x07,  // 255:2547

	// Font Data:
	0x00,0x00,0x00,0x00,0x00,0x00,0xFC,0x02,	// 33
	0x00,0x00,0x00,0x00,0x1E,0x00,0x00,0x00,0x1E,	// 34
	0x80,0x00,0xD0,0x03,0xBC,0x00,0x90,0x00,0xF0,0x03,0x9C,0x00,0x10,	// 35
	0x00,0x01,0x1C,0x03,0x24,0x02,0xFE,0x07,0x24,0x02,0x4C,0x03,0x80,	// 36
	0x3C,0x00,0x24,0x03,0xBC,0x00,0x60,0x00,0xD0,0x03,0x4C,0x02,0xC0,0x03,	// 37
	0x80,0x01,0x48,0x02,0x74,0x02,0xA4,0x02,0x1C,0x01,0xC0,0x02,0x00,0x02,	// 38
	0x00,0x00,0x00,0x00,0x00,0x00,0x1E,	// 39
	0x00,0x00,0x00,0x00,0xF8,0x03,0x0C,0x06,0x02,0x08,	// 40
	0x00,0x00,0x00,0x00,0x02,0x08,0x0C,0x06,0xF8,0x03,	// 41
	0x00,0x00,0x04,0x00,0x34,0x00,0x0E,0x00,0x34,	// 42
	0x00,0x00,0x20,0x00,0x20,0x00,0xFC,0x00,0x20,0x00,0x20,	// 43
	0x00,0x00,0x00,0x08,0x00,0x07,0x00,0x01,	// 44
	0x00,0x00,0x00,0x00,0x40,0x00,0x40,0x00,0x40,	// 45
	0x00,0x00,0x00,0x00,0x00,0x00,0x00,0x03,	// 46
	0x00,0x00,0x00,0x03,0xC0,0x00,0x60,0x00,0x18,0x00,0x06,	// 47
	0x00,0x00,0xF8,0x01,0x04,0x02,0x24,0x02,0x04,0x02,0xF8,0x01,	// 48
	0x00,0x00,0x08,0x02,0x08,0x02,0xFC,0x03,0x00,0x02,0x00,0x02,0x00,0x02,	// 49
	0x00,0x00,0x08,0x03,0x84,0x03,0xC4,0x02,0x64,0x02,0x38,0x02,	// 50
	0x00,0x00,0x08,0x01,0x04,0x02,0x24,0x02,0x24,0x02,0xD8,0x01,	// 51
	0x00,0x00,0xC0,0x00,0xB0,0x00,0x88,0x00,0xFC,0x03,0x80,	// 52
	0x00,0x00,0x3C,0x01,0x24,0x02,0x24,0x02,0x24,0x02,0xC4,0x01,	// 53
	0x00,0x00,0xF8,0x01,0x2C,0x02,0x24,0x02,0x24,0x02,0xC8,0x01,	// 54
	0x00,0x00,0x04,0x00,0x04,0x03,0xC4,0x01,0x34,0x00,0x0C,	// 55
	0x00,0x00,0xD8,0x01,0x24,0x02,0x24,0x02,0x24,0x02,0xD8,0x01,	// 56
	0x00,0x00,0x38,0x01,0x44,0x02,0x44,0x02,0x44,0x03,0xF8,0x01,	// 57
	0x00,0x00,0x00,0x00,0x00,0x00,0x18,0x03,	// 58
	0x00,0x00,0x00,0x00,0x00,0x0C,0x18,0x03,	// 59
	0x00,0x00,0x20,0x00,0x50,0x00,0x50,0x00,0x50,0x00,0x88,	// 60
	0x00,0x00,0x90,0x00,0x90,0x00,0x90,0x00,0x90,0x00,0x90,	// 61
	0x00,0x00,0x88,0x00,0x50,0x00,0x50,0x00,0x50,0x00,0x20,	// 62
	0x00,0x00,0x0C,0x00,0x04,0x00,0xC4,0x02,0x64,0x00,0x38,	// 63
	0xF0,0x03,0x8C,0x04,0x62,0x09,0x12,0x09,0xF2,0x09,0x14,0x05,0xF8,	// 64
	0x00,0x02,0xC0,0x01,0xB8,0x00,0x84,0x00,0xB8,0x00,0xC0,0x01,0x00,0x02,	// 65
	0x00,0x00,0xFC,0x03,0x24,0x02,0x24,0x02,0x24,0x02,0xD8,0x03,0x80,	// 66
	0x00,0x00,0xF8,0x01,0x04,0x02,0x04,0x02,0x04,0x02,0x08,0x03,	// 67
	0x00,0x00,0xFC,0x03,0x04,0x02,0x04,0x02,0x04,0x02,0xF8,0x01,	// 68
	0x00,0x00,0xFC,0x03,0x24,0x02,0x24,0x02,0x24,0x02,0x24,0x02,	// 69
	0x00,0x00,0xFC,0x03,0x24,0x00,0x24,0x00,0x24,0x00,0x24,	// 70
	0x00,0x00,0xF8,0x01,0x04,0x02,0x04,0x02,0x44,0x02,0xC8,0x03,	// 71
	0x00,0x00,0xFC,0x03,0x20,0x00,0x20,0x00,0x20,0x00,0xFC,0x03,	// 72
	0x00,0x00,0x04,0x02,0x04,0x02,0xFC,0x03,0x04,0x02,0x04,0x02,	// 73
	0x00,0x00,0x00,0x01,0x00,0x02,0x04,0x02,0xFC,0x03,0xFC,	// 74
	0x00,0x00,0xFC,0x03,0x20,0x00,0x70,0x00,0x88,0x00,0x04,0x03,0x00,0x02,	// 75
	0x00,0x00,0xFC,0x03,0x00,0x02,0x00,0x02,0x00,0x02,0x00,0x02,	// 76
	0x00,0x00,0xFC,0x03,0x38,0x00,0x40,0x00,0x38,0x00,0xFC,0x03,	// 77
	0x00,0x00,0xFC,0x03,0x18,0x00,0x60,0x00,0x80,0x01,0xFC,0x03,	// 78
	0x00,0x00,0xF8,0x01,0x04,0x02,0x04,0x02,0x04,0x02,0xF8,0x01,	// 79
	0x00,0x00,0xFC,0x03,0x44,0x00,0x44,0x00,0x44,0x00,0x38,	// 80
	0x00,0x00,0xF8,0x01,0x04,0x02,0x04,0x06,0x04,0x0E,0xF8,0x09,	// 81
	0x00,0x00,0xFC,0x03,0x24,0x00,0x24,0x00,0xE4,0x00,0x1C,0x03,	// 82
	0x00,0x00,0x38,0x03,0x24,0x02,0x24,0x02,0x44,0x02,0xC8,0x03,	// 83
	0x04,0x00,0x04,0x00,0x04,0x00,0xFC,0x03,0x04,0x00,0x04,0x00,0x04,	// 84
	0x00,0x00,0xFC,0x01,0x00,0x02,0x00,0x02,0x00,0x02,0xFC,0x01,	// 85
	0x04,0x00,0x38,0x00,0xC0,0x01,0x00,0x02,0xC0,0x01,0x38,0x00,0x04,	// 86
	0x1C,0x00,0xE0,0x03,0xC0,0x03,0x30,0x00,0xC0,0x03,0xE0,0x03,0x1C,	// 87
	0x00,0x00,0x0C,0x03,0xD8,0x00,0x60,0x00,0xD8,0x00,0x0C,0x03,	// 88
	0x04,0x00,0x0C,0x00,0x10,0x00,0xE0,0x03,0x10,0x00,0x0C,0x00,0x04,	// 89
	0x00,0x02,0x04,0x03,0xC4,0x02,0x64,0x02,0x14,0x02,0x0C,0x02,0x00,0x02,	// 90
	0x00,0x00,0x00,0x00,0xFE,0x0F,0x02,0x08,0x02,0x08,0x02,0x08,	// 91
	0x00,0x00,0x06,0x00,0x18,0x00,0x70,0x00,0xC0,0x00,0x00,0x03,	// 92
	0x00,0x00,0x02,0x08,0x02,0x08,0x02,0x08,0xFE,0x0F,	// 93
	0x00,0x00,0x60,0x00,0x18,0x00,0x04,0x00,0x18,0x00,0x60,	// 94
	0x00,0x08,0x00,0x08,0x00,0x08,0x00,0x08,0x00,0x08,0x00,0x08,0x00,0x08,	// 95
	0x00,0x00,0x00,0x00,0x00,0x00,0x01,0x00,0x02,	// 96
	0x00,0x00,0xD0,0x03,0x48,0x02,0x48,0x02,0x58,0x01,0xF0,0x03,0x00,0x02,	// 97
	0x00,0x00,0xFE,0x03,0x10,0x02,0x08,0x02,0x08,0x02,0xF0,0x01,	// 98
	0x00,0x00,0xF0,0x01,0x08,0x02,0x08,0x02,0x08,0x02,0x10,0x01,	// 99
	0x00,0x00,0xF0,0x01,0x08,0x02,0x08,0x02,0x08,0x01,0xFE,0x03,	// 100
	0x00,0x00,0xF0,0x01,0x48,0x02,0x48,0x02,0x48,0x02,0x70,0x01,	// 101
	0x00,0x00,0x08,0x00,0xFC,0x03,0x0A,0x00,0x0A,0x00,0x0A,	// 102
	0x00,0x00,0xF0,0x01,0x08,0x0A,0x08,0x0A,0x10,0x09,0xF8,0x07,	// 103
	0x00,0x00,0xFE,0x03,0x10,0x00,0x08,0x00,0x08,0x00,0xF0,0x03,	// 104
	0x00,0x00,0x08,0x02,0x08,0x02,0xFA,0x03,0x00,0x02,0x00,0x02,0x00,0x02,	// 105
	0x00,0x00,0x08,0x08,0x08,0x08,0x08,0x08,0xFA,0x07,	// 106
	0x00,0x00,0xFE,0x03,0x40,0x00,0x60,0x00,0x90,0x01,0x08,0x02,	// 107
	0x00,0x00,0x02,0x02,0x02,0x02,0xFE,0x03,0x00,0x02,0x00,0x02,	// 108
	0x00,0x00,0xF8,0x03,0x08,0x00,0xF8,0x03,0x08,0x00,0xF8,0x03,	// 109
	0x00,0x00,0xF8,0x03,0x10,0x00,0x08,0x00,0x08,0x00,0xF0,0x03,	// 110
	0x00,0x00,0xF0,0x01,0x08,0x02,0x08,0x02,0x08,0x02,0xF0,0x01,	// 111
	0x00,0x00,0xF8,0x0F,0x10,0x02,0x08,0x02,0x08,0x02,0xF0,0x01,	// 112
	0x00,0x00,0xF0,0x01,0x08,0x02,0x08,0x02,0x08,0x01,0xF8,0x0F,	// 113
	0x00,0x00,0x08,0x00,0xF0,0x03,0x08,0x00,0x08,0x00,0x08,	// 114
	0x00,0x00,0x30,0x01,0x68,0x02,0x48,0x02,0x48,0x02,0x90,0x01,	// 115
	0x00,0x00,0x08,0x00,0xFE,0x03,0x08,0x02,0x08,0x02,0x08,0x02,	// 116
	0x00,0x00,0xF8,0x01,0x00,0x02,0x00,0x02,0x00,0x02,0xF8,0x03,	// 117
	0x00,0x00,0x38,0x00,0xC0,0x01,0x00,0x02,0xC0,0x01,0x38,	// 118
	0x38,0x00,0xC0,0x03,0xC0,0x01,0x20,0x00,0xC0,0x03,0xE0,0x03,0x18,	// 119
	0x00,0x00,0x08,0x02,0xB0,0x01,0x40,0x00,0xB0,0x01,0x08,0x02,	// 120
	0x00,0x00,0x38,0x08,0xE0,0x0C,0x00,0x07,0xC0,0x00,0x38,	// 121
	0x00,0x00,0x08,0x03,0x88,0x03,0x68,0x02,0x38,0x02,0x08,0x02,	// 122
	0x00,0x00,0x40,0x00,0x40,0x00,0xBE,0x0F,0x02,0x08,0x02,0x08,	// 123
	0x00,0x00,0x00,0x00,0x00,0x00,0xFE,0x0F,	// 124
	0x00,0x00,0x02,0x08,0x02,0x08,0xBE,0x0F,0x40,0x00,0x40,	// 125
	0x00,0x00,0x20,0x00,0x20,0x00,0x20,0x00,0x40,0x00,0x40,	// 126
	0x00,0x00,0xC0,0x03,0x40,0x02,0x40,0x02,0xC0,0x03,	// 127
	0x00,0x00,0xC0,0x03,0x40,0x02,0x40,0x02,0xC0,0x03,	// 128
	0x00,0x00,0xC0,0x03,0x40,0x02,0x40,0x02,0xC0,0x03,	// 129
	0x00,0x00,0xC0,0x03,0x40,0x02,0x40,0x02,0xC0,0x03,	// 130
	0x00,0x00,0xC0,0x03,0x40,0x02,0x40,0x02,0xC0,0x03,	// 131
	0x00,0x00,0xC0,0x03,0x40,0x02,0x40,0x02,0xC0,0x03,	// 132
	0x00,0x00,0xC0,0x03,0x40,0x02,0x40,0x02,0xC0,0x03,	// 133
	0x00,0x00,0xC0,0x03,0x40,0x02,0x40,0x02,0xC0,0x03,	// 134
	0x00,0x00,0xC0,0x03,0x40,0x02,0x40,0x02,0xC0,0x03,	// 135
	0x00,0x00,0xC0,0x03,0x40,0x02,0x40,0x02,0xC0,0x03,	// 136
	0x00,0x00,0xC0,0x03,0x40,0x02,0x40,0x02,0xC0,0x03,	// 137
	0x00,0x00,0xC0,0x03,0x40,0x02,0x40,0x02,0xC0,0x03,	// 138
	0x00,0x00,0xC0,0x03,0x40,0x02,0x40,0x02,0xC0,0x03,	// 139
	0x00,0x00,0xC0,0x03,0x40,0x02,0x40,0x02,0xC0,0x03,	// 140
	0x00,0x00,0xC0,0x03,0x40,0x02,0x40,0x02,0xC0,0x03,	// 141
	0x00,0x00,0xC0,0x03,0x40,0x02,0x40,0x02,0xC0,0x03,	// 142
	0x00,0x00,0xC0,0x03,0x40,0x02,0x40,0x02,0xC0,0x03,	// 143
	0x00,0x00,0xC0,0x03,0x40,0x02,0x40,0x02,0xC0,0x03,	// 144
	0x00,0x00,0xC0,0x03,0x40,0x02,0x40,0x02,0xC0,0x03,	// 145
	0x00,0x00,0xC0,0x03,0x40,0x02,0x40,0x02,0xC0,0x03,	// 146
	0x00,0x00,0xC0,0x03,0x40,0x02,0x40,0x02,0xC0,0x03,	// 147
	0x00,0x00,0xC0,0x03,0x40,0x02,0x40,0x02,0xC0,0x03,	// 148
	0x00,0x00,0xC0,0x03,0x40,0x02,0x40,0x02,0xC0,0x03,	// 149
	0x00,0x00,0xC0,0x03,0x40,0x02,0x40,0x02,0xC0,0x03,	// 150
	0x00,0x00,0xC0,0x03,0x40,0x02,0x40,0x02,0xC0,0x03,	// 151
	0x00,0x00,0xC0,0x03,0x40,0x02,0x40,0x02,0xC0,0x03,	// 152
	0x00,0x00,0xC0,0x03,0x40,0x02,0x40,0x02,0xC0,0x03,	// 153
	0x00,0x00,0xC0,0x03,0x40,0x02,0x40,0x02,0xC0,0x03,	// 154
	0x00,0x00,0xC0,0x03,0x40,0x02,0x40,0x02,0xC0,0x03,	// 155
	0x00,0x00,0xC0,0x03,0x40,0x02,0x40,0x02,0xC0,0x03,	// 156
	0x00,0x00,0xC0,0x03,0x40,0x02,0x40,0x02,0xC0,0x03,	// 157
	0x00,0x00,0xC0,0x03,0x40,0x02,0x40,0x02,0xC0,0x03,	// 158
	0x00,0x00,0xC0,0x03,0x40,0x02,0x40,0x02,0xC0,0x03,	// 159
	0x00,0x00,0x00,0x00,0x00,0x00,0xC8,0x0F,	// 161
	0x00,0x00,0xF0,0x00,0x08,0x01,0x0C,0x03,0x08,0x01,0x90,	// 162
	0x20,0x02,0xF8,0x03,0x2C,0x02,0x24,0x02,0x24,0x02,0x08,0x02,0x00,0x01,	// 163
	0x00,0x00,0xF8,0x00,0x88,0x00,0x88,0x00,0x88,0x00,0xF8,	// 164
	0x00,0x00,0x4C,0x01,0x70,0x01,0xC0,0x03,0x70,0x01,0x4C,0x01,	// 165
	0x00,0x00,0x00,0x00,0x00,0x00,0x1E,0x0F,	// 166
	0x00,0x00,0x6C,0x02,0x9A,0x04,0x92,0x04,0x92,0x04,0x64,0x03,	// 167
	0x00,0x00,0x00,0x00,0x02,0x00,0x00,0x00,0x02,	// 168
	0xF8,0x00,0x24,0x01,0xDA,0x02,0x8A,0x02,0x8A,0x02,0x04,0x01,0xF8,	// 169
	0x00,0x00,0x60,0x00,0x54,0x00,0x54,0x00,0x7C,0x00,0x40,	// 170
	0x00,0x00,0xE0,0x00,0xB0,0x01,0x40,0x00,0xE0,0x00,0x10,0x01,	// 171
	0x00,0x00,0x20,0x00,0x20,0x00,0x20,0x00,0x20,0x00,0xE0,	// 172
	0x00,0x00,0x00,0x00,0x40,0x00,0x40,0x00,0x40,	// 173
	0xF8,0x00,0x04,0x01,0xFA,0x02,0x2A,0x02,0xDA,0x02,0x04,0x01,0xF8,	// 174
	0x02,0x00,0x02,0x00,0x02,0x00,0x02,0x00,0x02,0x00,0x02,0x00,0x02,	// 175
	0x00,0x00,0x00,0x00,0x1C,0x00,0x14,0x00,0x1C,	// 176
	0x00,0x00,0x20,0x02,0x20,0x02,0xF8,0x02,0x20,0x02,0x20,0x02,	// 177
	0x00,0x00,0x00,0x00,0x64,0x00,0x64,0x00,0x5C,	// 178
	0x00,0x00,0x00,0x00,0x44,0x00,0x54,0x00,0x7C,	// 179
	0x00,0x00,0x00,0x00,0x00,0x00,0x03,0x00,0x01,	// 180
	0x00,0x00,0xF8,0x0F,0x00,0x02,0x00,0x02,0x00,0x02,0xF8,0x03,	// 181
	0x00,0x00,0x3C,0x00,0x3C,0x00,0xFC,0x0F,0x04,0x00,0xFC,0x0F,	// 182
	0x00,0x00,0x00,0x00,0x00,0x00,0x60,	// 183
	0x00,0x00,0x00,0x0C,0x00,0x0C,	// 184
	0x00,0x00,0x00,0x00,0x48,0x00,0x7C,0x00,0x40,	// 185
	0x00,0x00,0x38,0x00,0x44,0x00,0x44,0x00,0x44,0x00,0x38,	// 186
	0x00,0x00,0x10,0x01,0xA0,0x00,0x40,0x00,0x10,0x01,0xE0,	// 187
	0x44,0x00,0x78,0x02,0x80,0x01,0xE0,0x01,0x58,0x01,0xE4,0x03,0x00,0x01,	// 188
	0x44,0x00,0x78,0x02,0x80,0x01,0x60,0x00,0x38,0x02,0x24,0x03,0xE0,0x02,	// 189
	0x44,0x00,0x54,0x02,0xFC,0x01,0xE0,0x01,0x58,0x01,0xE4,0x03,0x00,0x01,	// 190
	0x00,0x00,0x00,0x07,0x80,0x08,0x68,0x08,0x00,0x08,0x00,0x0C,	// 191
	0x00,0x02,0xC0,0x01,0xB8,0x00,0x84,0x00,0xB9,0x00,0xC0,0x01,0x00,0x02,	// 192
	0x00,0x02,0xC0,0x01,0xB8,0x00,0x84,0x00,0xB9,0x00,0xC0,0x01,0x00,0x02,	// 193
	0x00,0x02,0xC0,0x01,0xB9,0x00,0x84,0x00,0xB9,0x00,0xC0,0x01,0x00,0x02,	// 194
	0x00,0x02,0xC1,0x01,0xB8,0x00,0x85,0x00,0xB9,0x00,0xC0,0x01,0x00,0x02,	// 195
	0x00,0x02,0xC0,0x01,0xB9,0x00,0x84,0x00,0xB9,0x00,0xC0,0x01,0x00,0x02,	// 196
	0x00,0x02,0xC0,0x01,0xBB,0x00,0x85,0x00,0xBB,0x00,0xC0,0x01,0x00,0x02,	// 197
	0x00,0x02,0xC0,0x01,0xB8,0x00,0x84,0x00,0xFC,0x03,0x24,0x02,0x24,0x02,	// 198
	0x00,0x00,0xF8,0x01,0x04,0x02,0x04,0x0E,0x04,0x0E,0x08,0x03,	// 199
	0x00,0x00,0xFC,0x03,0x24,0x02,0x24,0x02,0x25,0x02,0x24,0x02,	// 200
	0x00,0x00,0xFC,0x03,0x24,0x02,0x24,0x02,0x25,0x02,0x24,0x02,	// 201
	0x00,0x00,0xFC,0x03,0x25,0x02,0x24,0x02,0x25,0x02,0x24,0x02,	// 202
	0x00,0x00,0xFC,0x03,0x25,0x02,0x24,0x02,0x25,0x02,0x24,0x02,	// 203
	0x00,0x00,0x04,0x02,0x04,0x02,0xFC,0x03,0x05,0x02,0x04,0x02,	// 204
	0x00,0x00,0x04,0x02,0x04,0x02,0xFC,0x03,0x05,0x02,0x04,0x02,	// 205
	0x00,0x00,0x04,0x02,0x05,0x02,0xFC,0x03,0x05,0x02,0x04,0x02,	// 206
	0x00,0x00,0x04,0x02,0x05,0x02,0xFC,0x03,0x05,0x02,0x04,0x02,	// 207
	0x20,0x00,0xFC,0x03,0x24,0x02,0x24,0x02,0x04,0x02,0xF8,0x01,	// 208
	0x00,0x00,0xFD,0x03,0x18,0x00,0x61,0x00,0x81,0x01,0xFC,0x03,	// 209
	0x00,0x00,0xF8,0x01,0x04,0x02,0x04,0x02,0x05,0x02,0xF8,0x01,	// 210
	0x00,0x00,0xF8,0x01,0x04,0x02,0x04,0x02,0x05,0x02,0xF8,0x01,	// 211
	0x00,0x00,0xF8,0x01,0x05,0x02,0x04,0x02,0x05,0x02,0xF8,0x01,	// 212
	0x00,0x00,0xF9,0x01,0x04,0x02,0x05,0x02,0x05,0x02,0xF8,0x01,	// 213
	0x00,0x00,0xF8,0x01,0x05,0x02,0x04,0x02,0x05,0x02,0xF8,0x01,	// 214
	0x00,0x00,0x88,0x00,0x50,0x00,0x20,0x00,0x50,0x00,0x88,	// 215
	0x00,0x02,0xF8,0x01,0x84,0x02,0x64,0x02,0x14,0x02,0xF8,0x01,0x04,	// 216
	0x00,0x00,0xFC,0x01,0x00,0x02,0x00,0x02,0x01,0x02,0xFC,0x01,	// 217
	0x00,0x00,0xFC,0x01,0x00,0x02,0x00,0x02,0x01,0x02,0xFC,0x01,	// 218
	0x00,0x00,0xFC,0x01,0x01,0x02,0x00,0x02,0x01,0x02,0xFC,0x01,	// 219
	0x00,0x00,0xFC,0x01,0x01,0x02,0x00,0x02,0x01,0x02,0xFC,0x01,	// 220
	0x04,0x00,0x0C,0x00,0x10,0x00,0xE0,0x03,0x11,0x00,0x0C,0x00,0x04,	// 221
	0x00,0x00,0xFC,0x03,0x88,0x00,0x88,0x00,0x88,0x00,0x70,	// 222
	0x00,0x00,0xFC,0x03,0x02,0x00,0x02,0x02,0x72,0x02,0xCC,0x02,0x80,0x01,	// 223
	0x00,0x00,0xD0,0x03,0x48,0x02,0x49,0x02,0x5A,0x01,0xF0,0x03,0x00,0x02,	// 224
	0x00,0x00,0xD0,0x03,0x48,0x02,0x48,0x02,0x5B,0x01,0xF1,0x03,0x00,0x02,	// 225
	0x00,0x00,0xD0,0x03,0x4A,0x02,0x49,0x02,0x5A,0x01,0xF0,0x03,0x00,0x02,	// 226
	0x02,0x00,0xD1,0x03,0x4A,0x02,0x4A,0x02,0x59,0x01,0xF0,0x03,0x00,0x02,	// 227
	0x00,0x00,0xD0,0x03,0x4A,0x02,0x48,0x02,0x5A,0x01,0xF0,0x03,0x00,0x02,	// 228
	0x00,0x00,0xD0,0x03,0x4B,0x02,0x4A,0x02,0x5B,0x01,0xF0,0x03,0x00,0x02,	// 229
	0x90,0x03,0x48,0x02,0x48,0x02,0xF0,0x01,0x48,0x02,0x48,0x02,0x70,0x01,	// 230
	0x00,0x00,0xF0,0x01,0x08,0x02,0x08,0x0E,0x08,0x0E,0x10,0x01,	// 231
	0x00,0x00,0xF0,0x01,0x48,0x02,0x49,0x02,0x4A,0x02,0x70,0x01,	// 232
	0x00,0x00,0xF0,0x01,0x48,0x02,0x48,0x02,0x4B,0x02,0x71,0x01,	// 233
	0x00,0x00,0xF0,0x01,0x4A,0x02,0x49,0x02,0x4A,0x02,0x70,0x01,	// 234
	0x00,0x00,0xF0,0x01,0x4A,0x02,0x48,0x02,0x4A,0x02,0x70,0x01,	// 235
	0x00,0x00,0x08,0x02,0x08,0x02,0xF9,0x03,0x02,0x02,0x00,0x02,0x00,0x02,	// 236
	0x00,0x00,0x08,0x02,0x08,0x02,0xF8,0x03,0x03,0x02,0x01,0x02,0x00,0x02,	// 237
	0x00,0x00,0x0A,0x02,0x09,0x02,0xFA,0x03,0x00,0x02,0x00,0x02,0x00,0x02,	// 238
	0x00,0x00,0x08,0x02,0x0A,0x02,0xF8,0x03,0x02,0x02,0x00,0x02,0x00,0x02,	// 239
	0x00,0x00,0xE0,0x01,0x16,0x02,0x12,0x02,0x1E,0x02,0xFA,0x01,	// 240
	0x00,0x00,0xFA,0x03,0x11,0x00,0x0A,0x00,0x0A,0x00,0xF1,0x03,	// 241
	0x00,0x00,0xF0,0x01,0x08,0x02,0x09,0x02,0x0A,0x02,0xF0,0x01,	// 242
	0x00,0x00,0xF0,0x01,0x08,0x02,0x08,0x02,0x0B,0x02,0xF1,0x01,	// 243
	0x00,0x00,0xF0,0x01,0x0A,0x02,0x09,0x02,0x0A,0x02,0xF0,0x01,	// 244
	0x00,0x00,0xF2,0x01,0x09,0x02,0x0A,0x02,0x0A,0x02,0xF1,0x01,	// 245
	0x00,0x00,0xF0,0x01,0x0A,0x02,0x08,0x02,0x0A,0x02,0xF0,0x01,	// 246
	0x00,0x00,0x20,0x00,0x20,0x00,0xA8,0x00,0x20,0x00,0x20,	// 247
	0x00,0x00,0xF0,0x03,0x88,0x02,0x48,0x02,0x28,0x02,0xF8,0x01,	// 248
	0x00,0x00,0xF8,0x01,0x00,0x02,0x01,0x02,0x02,0x02,0xF8,0x03,	// 249
	0x00,0x00,0xF8,0x01,0x00,0x02,0x00,0x02,0x03,0x02,0xF9,0x03,	// 250
	0x00,0x00,0xF8,0x01,0x02,0x02,0x01,0x02,0x02,0x02,0xF8,0x03,	// 251
	0x00,0x00,0xF8,0x01,0x02,0x02,0x00,0x02,0x02,0x02,0xF8,0x03,	// 252
	0x00,0x00,0x38,0x08,0xE0,0x0C,0x00,0x07,0xC3,0x00,0x39,	// 253
	0x00,0x00,0xFE,0x0F,0x10,0x02,0x08,0x02,0x08,0x02,0xF0,0x01,	// 254
	0x00,0x00,0x38,0x08,0xE2,0x0C,0x00,0x07,0xC2,0x00,0x38	// 255
};
